symbol,timestamp,open,high,low,close,volume,trade_count,vwap,exchange
ORCL,2024-09-04 04:00:00+00:00,138.44,141.1009,137.95,140.75,6243325.0,94093.0,140.177812,IEX
ORCL,2024-09-05 04:00:00+00:00,141.4,143.28,140.305,142.61,8733246.0,113859.0,142.341002,IEX
ORCL,2024-09-06 04:00:00+00:00,143.79,143.94,139.4,141.81,11154796.0,132258.0,141.196551,IEX
ORCL,2024-09-09 04:00:00+00:00,142.49,143.3,139.51,139.89,20233428.0,223695.0,141.49889,IEX
ORCL,2024-09-10 04:00:00+00:00,154.23,160.52,153.12,155.89,37374210.0,361496.0,156.79538,IEX
ORCL,2024-09-11 04:00:00+00:00,156.78,159.44,154.8401,157.18,12630122.0,150170.0,156.978389,IEX
ORCL,2024-09-12 04:00:00+00:00,159.04,162.34,157.9,161.38,16352048.0,169688.0,160.874897,IEX
ORCL,2024-09-13 04:00:00+00:00,173.7,173.935,161.0,162.03,25727805.0,280814.0,165.119096,IEX
ORCL,2024-09-16 04:00:00+00:00,164.99,173.99,164.51,170.33,27384374.0,275406.0,170.056019,IEX
ORCL,2024-09-17 04:00:00+00:00,170.28,170.64,166.77,167.47,12580114.0,152430.0,167.969579,IEX
ORCL,2024-09-18 04:00:00+00:00,167.62,167.62,163.73,164.53,12274414.0,141385.0,164.969212,IEX
ORCL,2024-09-19 04:00:00+00:00,167.25,168.16,164.51,167.59,10075884.0,128115.0,166.863339,IEX
ORCL,2024-09-20 04:00:00+00:00,167.13,168.83,166.6,168.0,12187736.0,103761.0,167.902029,IEX
ORCL,2024-09-23 04:00:00+00:00,167.225,167.33,164.26,165.95,7916081.0,100444.0,165.650001,IEX
ORCL,2024-09-24 04:00:00+00:00,165.74,166.1,163.92,165.8,6155076.0,82881.0,165.368095,IEX
ORCL,2024-09-25 04:00:00+00:00,167.69,168.75,165.66,166.28,7142437.0,99808.0,166.847859,IEX
ORCL,2024-09-26 04:00:00+00:00,167.65,168.36,166.48,168.1,7096842.0,88890.0,167.74642,IEX
ORCL,2024-09-27 04:00:00+00:00,168.09,169.1098,166.51,168.74,8974377.0,100454.0,168.125555,IEX
ORCL,2024-09-30 04:00:00+00:00,169.5,170.52,166.45,170.4,10218973.0,105425.0,169.061871,IEX
ORCL,2024-10-01 04:00:00+00:00,170.22,170.51,165.97,167.16,7595053.0,101439.0,167.350575,IEX
ORCL,2024-10-02 04:00:00+00:00,167.6,169.18,167.27,167.71,7073025.0,76786.0,168.175204,IEX
ORCL,2024-10-03 04:00:00+00:00,166.89,167.86,166.24,166.86,4735708.0,72032.0,166.902507,IEX
ORCL,2024-10-04 04:00:00+00:00,168.71,170.9,168.165,170.86,6389504.0,97651.0,169.863231,IEX
ORCL,2024-10-07 04:00:00+00:00,170.42,172.33,169.55,169.97,6790956.0,91759.0,170.765994,IEX
ORCL,2024-10-08 04:00:00+00:00,170.6,174.64,170.442,174.37,7845377.0,110540.0,173.367901,IEX
ORCL,2024-10-09 04:00:00+00:00,174.56,178.61,173.81,178.29,8120894.0,119622.0,177.020612,IEX
ORCL,2024-10-10 04:00:00+00:00,177.65,178.3,174.1801,175.41,7115887.0,105585.0,175.533558,IEX
ORCL,2024-10-11 04:00:00+00:00,175.495,177.0,174.4,175.77,5869413.0,85490.0,175.723035,IEX
ORCL,2024-10-14 04:00:00+00:00,176.55,177.22,175.5,176.12,4688662.0,63070.0,176.260104,IEX
ORCL,2024-10-15 04:00:00+00:00,176.94,178.2199,173.75,174.09,5848630.0,94948.0,174.783936,IEX
ORCL,2024-10-16 04:00:00+00:00,173.5,174.912,171.64,174.77,6383034.0,85258.0,173.641125,IEX
ORCL,2024-10-17 04:00:00+00:00,177.5,177.75,175.14,175.68,5473951.0,85806.0,176.478478,IEX
ORCL,2024-10-18 04:00:00+00:00,176.8,176.97,174.58,174.69,5001257.0,75629.0,175.341119,IEX
ORCL,2024-10-21 04:00:00+00:00,174.45,175.15,173.16,173.76,4198362.0,65177.0,173.870303,IEX
ORCL,2024-10-22 04:00:00+00:00,175.45,175.85,174.28,175.31,5510114.0,65652.0,175.124091,IEX
ORCL,2024-10-23 04:00:00+00:00,174.5,176.07,173.01,173.1,4830414.0,72477.0,174.026146,IEX
ORCL,2024-10-24 04:00:00+00:00,173.315,174.9542,172.91,174.38,3488036.0,60705.0,174.272542,IEX
ORCL,2024-10-25 04:00:00+00:00,174.78,176.29,173.1,173.52,3674717.0,69523.0,174.427943,IEX
ORCL,2024-10-28 04:00:00+00:00,174.045,174.17,172.135,172.42,4329971.0,61453.0,172.694658,IEX
ORCL,2024-10-29 04:00:00+00:00,172.29,174.0231,172.29,173.43,4122913.0,60033.0,173.337334,IEX
ORCL,2024-10-30 04:00:00+00:00,173.98,176.16,172.79,174.56,5822451.0,89918.0,174.954117,IEX
ORCL,2024-10-31 04:00:00+00:00,170.52,170.88,167.3975,167.84,9477476.0,136297.0,168.473536,IEX
ORCL,2024-11-01 04:00:00+00:00,170.15,172.27,169.1,170.02,5680595.0,93324.0,170.680704,IEX
ORCL,2024-11-04 05:00:00+00:00,170.31,170.48,168.73,169.59,4804405.0,71804.0,169.584455,IEX
ORCL,2024-11-05 05:00:00+00:00,170.47,171.89,170.32,171.78,5456754.0,63764.0,171.347488,IEX
ORCL,2024-11-06 05:00:00+00:00,178.52,182.1,177.4153,181.24,11084987.0,147545.0,180.532984,IEX
ORCL,2024-11-07 05:00:00+00:00,181.08,186.67,180.54,186.37,7759399.0,119676.0,184.264782,IEX
ORCL,2024-11-08 05:00:00+00:00,186.26,190.16,186.26,189.25,8520419.0,121061.0,189.061835,IEX
ORCL,2024-11-11 05:00:00+00:00,191.05,191.5,187.84,189.13,5973638.0,99444.0,189.258266,IEX
ORCL,2024-11-12 05:00:00+00:00,188.54,190.61,187.2,189.58,6629891.0,91526.0,189.065524,IEX
ORCL,2024-11-13 05:00:00+00:00,189.0,191.77,188.7895,189.63,5695426.0,83878.0,190.058799,IEX
ORCL,2024-11-14 05:00:00+00:00,188.66,189.59,186.71,187.05,7804318.0,92477.0,187.564414,IEX
ORCL,2024-11-15 05:00:00+00:00,184.52,185.8,182.33,183.74,8986276.0,125066.0,183.922674,IEX
ORCL,2024-11-18 05:00:00+00:00,184.3,186.18,182.88,185.73,6291406.0,73636.0,185.153548,IEX
ORCL,2024-11-19 05:00:00+00:00,184.89,189.32,184.32,188.9,8116958.0,93766.0,187.612033,IEX
ORCL,2024-11-20 05:00:00+00:00,190.9,190.97,187.82,190.75,4859012.0,76117.0,189.656955,IEX
ORCL,2024-11-21 05:00:00+00:00,191.94,196.04,191.6401,192.43,11394263.0,134231.0,193.619144,IEX
ORCL,2024-11-22 05:00:00+00:00,193.0,194.2,191.06,192.29,6879447.0,95945.0,192.590431,IEX
ORCL,2024-11-25 05:00:00+00:00,194.5,194.75,187.99,187.99,15138474.0,120547.0,189.030117,IEX
ORCL,2024-11-26 05:00:00+00:00,188.32,192.4,188.32,190.37,6427210.0,100191.0,190.595679,IEX
ORCL,2024-11-27 05:00:00+00:00,188.955,188.955,182.22,182.7,8368797.0,127041.0,184.073446,IEX
ORCL,2024-11-29 05:00:00+00:00,184.01,185.93,184.0,184.84,4628044.0,62886.0,185.089446,IEX
ORCL,2024-12-02 05:00:00+00:00,185.29,185.29,181.0,181.41,8859696.0,122352.0,181.952967,IEX
ORCL,2024-12-03 05:00:00+00:00,181.18,183.04,179.11,182.89,8917062.0,99881.0,181.94742,IEX
ORCL,2024-12-04 05:00:00+00:00,188.0,189.79,185.9,188.19,8906283.0,118036.0,188.347449,IEX
ORCL,2024-12-05 05:00:00+00:00,189.02,189.02,185.85,186.24,6398073.0,103293.0,186.950163,IEX
ORCL,2024-12-06 05:00:00+00:00,187.0,192.63,186.38,191.69,10503383.0,153321.0,191.166748,IEX
ORCL,2024-12-09 05:00:00+00:00,196.3,198.3099,188.93,190.45,20157957.0,298944.0,191.184988,IEX
ORCL,2024-12-10 05:00:00+00:00,173.46,177.8,171.0592,177.74,26502016.0,366847.0,175.525491,IEX
ORCL,2024-12-11 05:00:00+00:00,178.0,181.38,174.8301,178.58,13188714.0,169230.0,178.692814,IEX
ORCL,2024-12-12 05:00:00+00:00,178.0,178.1699,174.81,175.32,8154218.0,127933.0,175.817117,IEX
ORCL,2024-12-13 05:00:00+00:00,175.0,176.14,171.64,173.39,8351106.0,130196.0,173.060159,IEX
ORCL,2024-12-16 05:00:00+00:00,173.84,174.27,170.93,171.23,9571955.0,136843.0,171.787289,IEX
ORCL,2024-12-17 05:00:00+00:00,170.75,172.99,169.27,169.71,8940204.0,129978.0,170.57763,IEX
ORCL,2024-12-18 05:00:00+00:00,169.41,171.23,165.36,165.41,8817934.0,123063.0,167.825207,IEX
ORCL,2024-12-19 05:00:00+00:00,167.55,171.0,167.4,168.79,8386394.0,126214.0,169.297836,IEX
ORCL,2024-12-20 05:00:00+00:00,167.73,171.26,165.63,169.66,13810525.0,99967.0,169.198777,IEX
ORCL,2024-12-23 05:00:00+00:00,169.59,169.62,167.1683,169.14,6518229.0,79905.0,168.602548,IEX
ORCL,2024-12-24 05:00:00+00:00,169.7,171.77,169.03,171.41,2451547.0,43685.0,170.995734,IEX
ORCL,2024-12-26 05:00:00+00:00,170.5,172.55,170.5,171.68,4103882.0,56829.0,171.734888,IEX
ORCL,2024-12-27 05:00:00+00:00,170.38,171.15,167.2,168.96,4344287.0,81340.0,168.565034,IEX
ORCL,2024-12-30 05:00:00+00:00,166.51,167.91,164.55,166.91,5254833.0,77125.0,166.690321,IEX
ORCL,2024-12-31 05:00:00+00:00,167.2,167.3,165.84,166.64,4307524.0,61799.0,166.504852,IEX
ORCL,2025-01-02 05:00:00+00:00,168.52,168.69,164.9,166.03,5365667.0,84821.0,166.336292,IEX
ORCL,2025-01-03 05:00:00+00:00,166.7,167.2,165.27,166.32,5878052.0,81014.0,166.233898,IEX
ORCL,2025-01-06 05:00:00+00:00,167.31,168.05,165.19,165.69,6845373.0,103232.0,166.157547,IEX
ORCL,2025-01-07 05:00:00+00:00,165.58,166.16,161.32,162.03,7712222.0,108532.0,162.755107,IEX
ORCL,2025-01-08 05:00:00+00:00,162.18,163.98,161.43,163.14,7596214.0,93369.0,162.858191,IEX
ORCL,2025-01-10 05:00:00+00:00,159.2,159.2,153.92,154.5,13593882.0,195348.0,155.370896,IEX
ORCL,2025-01-13 05:00:00+00:00,153.74,154.15,152.42,153.92,8828492.0,111971.0,153.469473,IEX
ORCL,2025-01-14 05:00:00+00:00,156.42,157.25,154.35,156.31,7410242.0,106236.0,155.937103,IEX
ORCL,2025-01-15 05:00:00+00:00,158.665,159.1495,157.26,158.31,10701234.0,115425.0,158.315216,IEX
ORCL,2025-01-16 05:00:00+00:00,160.15,161.5,158.41,159.54,9210555.0,109548.0,159.983873,IEX
ORCL,2025-01-17 05:00:00+00:00,161.77,163.16,160.54,161.03,11618283.0,105464.0,161.713982,IEX
ORCL,2025-01-21 05:00:00+00:00,163.87,173.37,162.75,172.57,30232048.0,353760.0,169.788154,IEX
ORCL,2025-01-22 05:00:00+00:00,191.51,191.99,180.57,184.22,48028518.0,632136.0,184.625077,IEX
ORCL,2025-01-23 05:00:00+00:00,181.64,186.57,181.5,186.47,17314645.0,237622.0,185.126969,IEX
ORCL,2025-01-24 05:00:00+00:00,188.64,189.1,181.87,183.6,12147180.0,175859.0,184.184868,IEX
ORCL,2025-01-27 05:00:00+00:00,168.9,172.52,152.66,158.28,42201592.0,593287.0,160.923339,IEX
ORCL,2025-01-28 05:00:00+00:00,162.99,165.825,156.75,164.0,20319300.0,284066.0,162.508604,IEX
