timestamp,symbol,timeframe,bars,start,end,initial_equity,final_equity,total_return,buyhold_return,max_drawdown,sharpe,fast,slow
2025-08-14T20:37:16.102368,AAPL,1D,501,2023-08-16T04:00:00+00:00,2025-08-14T04:00:00+00:00,10000,10420.045762595211,0.04200457625952114,0.318493344661569,-0.20898455358435708,0.013232626905451688,9,21
2025-08-14T20:39:26.540781,AAPL,1D,501,2023-08-16T04:00:00+00:00,2025-08-14T04:00:00+00:00,10000,10420.045762595211,0.04200457625952114,0.318493344661569,-0.20898455358435708,0.013232626905451688,9,21
2025-08-14T20:41:08.059593,AAPL,1D,501,2023-08-16T04:00:00+00:00,2025-08-14T04:00:00+00:00,10000,10420.045762595211,0.04200457625952114,0.318493344661569,-0.20898455358435708,0.013232626905451688,9,21
2025-08-17T20:04:42.091530,AAPL,1D,499,2023-08-21T04:00:00+00:00,2025-08-15T04:00:00+00:00,10000,10598.777554273724,0.05987775542737239,0.3173158942280354,-0.20898455358435586,0.016677930220499154,9,21
2025-08-17T20:21:51.503063,AAPL,1D,499,2023-08-21T04:00:00+00:00,2025-08-15T04:00:00+00:00,10000,10598.777554273724,0.05987775542737239,0.3173158942280354,-0.20898455358435586,0.016677930220499154,9,21
2025-08-17T20:38:08.149731,AAPL,1D,499,2023-08-21T04:00:00+00:00,2025-08-15T04:00:00+00:00,10000,10598.777554273724,0.05987775542737239,0.3173158942280354,-0.20898455358435586,0.016677930220499154,9,21
2025-08-17T20:44:49.739716,AAPL,1D,499,2023-08-21T04:00:00+00:00,2025-08-15T04:00:00+00:00,10000,10598.777554273724,0.05987775542737239,0.3173158942280354,-0.20898455358435586,0.016677930220499154,9,21
2025-08-17T20:54:44.107848,AAPL,1D,499,2023-08-21T04:00:00+00:00,2025-08-15T04:00:00+00:00,10000,11605.83282669138,0.16058328266913802,0.3173158942280354,-0.16321723968785207,0.03892592290842822,9,21
2025-08-17T21:02:21.741261,AAPL,1D,499,2023-08-21T04:00:00+00:00,2025-08-15T04:00:00+00:00,10000,11605.83282669138,0.16058328266913802,0.3173158942280354,-0.16321723968785207,0.03892592290842822,9,21
2025-08-17T21:14:35.769610,AAPL,1D,499,2023-08-21T04:00:00+00:00,2025-08-15T04:00:00+00:00,10000,11605.83282669138,0.16058328266913802,0.3173158942280354,-0.16321723968785207,0.03892592290842822,9,21
2025-08-17T21:22:04.855938,AAPL,1D,499,2023-08-21T04:00:00+00:00,2025-08-15T04:00:00+00:00,10000,11605.83282669138,0.16058328266913802,0.3173158942280354,-0.16321723968785207,0.03892592290842822,9,21
2025-08-17T21:30:20.269700,AAPL,1D,499,2023-08-21T04:00:00+00:00,2025-08-15T04:00:00+00:00,10000,11605.83282669138,0.16058328266913802,0.3173158942280354,-0.16321723968785207,0.03892592290842822,9,21
2025-08-17T21:42:32.212533,AAPL,1D,499,2023-08-21T04:00:00+00:00,2025-08-15T04:00:00+00:00,10000,11605.83282669138,0.16058328266913802,0.3173158942280354,-0.16321723968785207,0.03892592290842822,9,21
2025-08-17T21:50:08.790012,AAPL,1D,499,2023-08-21T04:00:00+00:00,2025-08-15T04:00:00+00:00,10000,11605.83282669138,0.16058328266913802,0.3173158942280354,-0.16321723968785207,0.03892592290842822,9,21
2025-08-17T22:05:53.791495,AAPL,1D,499,2023-08-21T04:00:00+00:00,2025-08-15T04:00:00+00:00,10000,11605.83282669138,0.16058328266913802,0.3173158942280354,-0.16321723968785207,0.03892592290842822,9,21
2025-08-17T22:22:13.613739,AAPL,1D,499,2023-08-21T04:00:00+00:00,2025-08-15T04:00:00+00:00,10000,11605.83282669138,0.16058328266913802,0.3173158942280354,-0.16321723968785207,0.03892592290842822,9,21
2025-08-17T22:57:44.032506,AAPL,1D,499,2023-08-21T04:00:00+00:00,2025-08-15T04:00:00+00:00,10000,11605.83282669138,0.16058328266913802,0.3173158942280354,-0.16321723968785207,0.03892592290842822,9,21
2025-08-17T23:07:11.199388,AAPL,1D,499,2023-08-21T04:00:00+00:00,2025-08-15T04:00:00+00:00,10000,11605.83282669138,0.16058328266913802,0.3173158942280354,-0.16321723968785207,0.03892592290842822,9,21
2025-08-17T23:12:20.583097,AAPL,1D,499,2023-08-21T04:00:00+00:00,2025-08-15T04:00:00+00:00,10000,11605.83282669138,0.16058328266913802,0.3173158942280354,-0.16321723968785207,0.03892592290842822,9,21
2025-08-17T23:19:50.989426,AAPL,1D,499,2023-08-21T04:00:00+00:00,2025-08-15T04:00:00+00:00,10000,11605.83282669138,0.16058328266913802,0.3173158942280354,-0.16321723968785207,0.03892592290842822,9,21
2025-08-17T23:48:51.127965,AAPL,1D,499,2023-08-21T04:00:00+00:00,2025-08-15T04:00:00+00:00,10000,11605.83282669138,0.16058328266913802,0.3173158942280354,-0.16321723968785207,0.03892592290842822,9,21
2025-08-18T00:06:38.448440,AAPL,1D,499,2023-08-21T04:00:00+00:00,2025-08-15T04:00:00+00:00,10000,11605.83282669138,0.16058328266913802,0.3173158942280354,-0.16321723968785207,0.03892592290842822,9,21
2025-08-18T00:14:41.408098,AAPL,1D,499,2023-08-21T04:00:00+00:00,2025-08-15T04:00:00+00:00,10000,11605.83282669138,0.16058328266913802,0.3173158942280354,-0.16321723968785207,0.03892592290842822,9,21
2025-08-18T00:45:23.539256,AAPL,1D,499,2023-08-21T04:00:00+00:00,2025-08-15T04:00:00+00:00,10000,11605.83282669138,0.16058328266913802,0.3173158942280354,-0.16321723968785207,0.03892592290842822,9,21
2025-08-18T01:20:09.182842,AAPL,1D,499,2023-08-21T04:00:00+00:00,2025-08-15T04:00:00+00:00,10000,11605.83282669138,0.16058328266913802,0.3173158942280354,-0.16321723968785207,0.03892592290842822,9,21
2025-08-18T01:54:05.462800,AAPL,1D,499,2023-08-21T04:00:00+00:00,2025-08-15T04:00:00+00:00,10000,11605.83282669138,0.16058328266913802,0.3173158942280354,-0.16321723968785207,0.03892592290842822,9,21
2025-08-18T02:14:52.814327,AAPL,1D,499,2023-08-21T04:00:00+00:00,2025-08-15T04:00:00+00:00,10000,11605.83282669138,0.16058328266913802,0.3173158942280354,-0.16321723968785207,0.03892592290842822,9,21
2025-08-18T02:24:19.851198,AAPL,1D,499,2023-08-21T04:00:00+00:00,2025-08-15T04:00:00+00:00,10000,11605.83282669138,0.16058328266913802,0.3173158942280354,-0.16321723968785207,0.03892592290842822,9,21
2025-08-18T02:26:00.411900,AAPL,1D,499,2023-08-21T04:00:00+00:00,2025-08-15T04:00:00+00:00,10000,11605.83282669138,0.16058328266913802,0.3173158942280354,-0.16321723968785207,0.03892592290842822,9,21
2025-08-18T02:27:05.882028,AAPL,1D,499,2023-08-21T04:00:00+00:00,2025-08-15T04:00:00+00:00,10000,11605.83282669138,0.16058328266913802,0.3173158942280354,-0.16321723968785207,0.03892592290842822,9,21
2025-08-18T02:28:33.152212,AAPL,1D,499,2023-08-21T04:00:00+00:00,2025-08-15T04:00:00+00:00,10000,11605.83282669138,0.16058328266913802,0.3173158942280354,-0.16321723968785207,0.03892592290842822,9,21
2025-08-19T13:00:44.202891,AAPL,1D,500,2023-08-21T04:00:00+00:00,2025-08-18T04:00:00+00:00,10000,11568.006779706051,0.15680067797060504,0.31302246232584596,-0.16321723968785207,0.03812297086385609,9,21
2025-08-19T14:56:21.640371,AAPL,1D,501,2023-08-21T04:00:00+00:00,2025-08-19T04:00:00+00:00,10000,11573.517859399277,0.1573517859399276,0.3136479954506681,-0.16321723968785207,0.038195555732551414,9,21
2025-08-19T15:02:30.618971,AAPL,1D,501,2023-08-21T04:00:00+00:00,2025-08-19T04:00:00+00:00,10000,11559.740160166208,0.15597401601662075,0.3120841626386124,-0.16321723968785207,0.03791854578653289,9,21
2025-08-19T15:21:22.569420,AAPL,1D,501,2023-08-21T04:00:00+00:00,2025-08-19T04:00:00+00:00,10000,11563.247210880081,0.1563247210880081,0.3124822291725904,-0.16321723968785207,0.03798919466724099,9,21
2025-08-19T15:38:48.020442,AAPL,1D,501,2023-08-21T04:00:00+00:00,2025-08-19T04:00:00+00:00,10000,11596.313689039445,0.15963136890394458,0.31623542792152404,-0.16321723968785207,0.03865064855416799,9,21
2025-08-19T15:41:05.915428,AAPL,1D,501,2023-08-21T04:00:00+00:00,2025-08-19T04:00:00+00:00,10000,11601.82476873267,0.16018247687326692,0.3168609610463464,-0.16321723968785207,0.038760052990367146,9,21
2025-08-19T16:14:14.237041,AAPL,1D,501,2023-08-21T04:00:00+00:00,2025-08-19T04:00:00+00:00,10000,11585.54203327541,0.1585542033275409,0.3150127949957351,-0.16321723968785207,0.03843611361069515,9,21
2025-08-19T16:15:53.388325,AAPL,1D,501,2023-08-21T04:00:00+00:00,2025-08-19T04:00:00+00:00,10000,11588.798580366862,0.15887985803668614,0.31538242820585727,-0.16321723968785207,0.03850106991814887,9,21
2025-08-19T16:51:08.092688,AAPL,1D,501,2023-08-21T04:00:00+00:00,2025-08-19T04:00:00+00:00,10000,11572.766348532017,0.15727663485320176,0.31356269547910154,-0.16321723968785207,0.03818048359229147,9,21
2025-08-19T17:04:38.807366,AAPL,1D,501,2023-08-21T04:00:00+00:00,2025-08-19T04:00:00+00:00,10000,11555.982605829917,0.15559826058299175,0.3116576627807792,-0.16321723968785207,0.03784274751591179,9,21
2025-08-19T18:27:01.684793,AAPL,1D,501,2023-08-21T04:00:00+00:00,2025-08-19T04:00:00+00:00,10000,11532.93627256733,0.15329362725673312,0.3090417969860677,-0.16321723968785207,0.03737555833864562,9,21
2025-08-19T18:41:49.106354,AAPL,1D,501,2023-08-21T04:00:00+00:00,2025-08-19T04:00:00+00:00,10000,7699.005797408801,-0.2300994202591199,0.3071936309354564,-0.4197936753550843,-0.02125692426269085,9,21
2025-08-19T18:47:08.329101,AAPL,1D,501,2023-08-21T04:00:00+00:00,2025-08-19T04:00:00+00:00,10000,7690.9675088484055,-0.23090324911515947,0.30582883139038963,-0.4197936753550843,-0.021375597946303233,9,21
2025-08-19T20:28:32.709043,AAPL,1D,501,2023-08-21T04:00:00+00:00,2025-08-19T04:00:00+00:00,10000,4368.045094947053,-0.5631954905052947,0.3111174296275234,-0.5821082597228774,-0.0864989653686434,9,21
2025-08-19T21:04:13.236446,AAPL,1D,501,2023-08-21T04:00:00+00:00,2025-08-19T04:00:00+00:00,10000,4368.045094947053,-0.5631954905052947,0.3111174296275234,-0.5821082597228774,-0.0864989653686434,9,21
2025-08-19T21:11:35.939836,AAPL,1D,501,2023-08-21T04:00:00+00:00,2025-08-19T04:00:00+00:00,10000,4368.045094947053,-0.5631954905052947,0.3111174296275234,-0.5821082597228774,-0.0864989653686434,9,21
2025-08-19T21:23:27.472005,AAPL,1D,501,2023-08-21T04:00:00+00:00,2025-08-19T04:00:00+00:00,10000,4368.045094947053,-0.5631954905052947,0.3111174296275234,-0.5821082597228774,-0.0864989653686434,9,21
2025-08-19T23:44:09.490499,AAPL,1D,501,2023-08-21T04:00:00+00:00,2025-08-19T04:00:00+00:00,10000,4368.045094947053,-0.5631954905052947,0.3111174296275234,-0.5821082597228774,-0.0864989653686434,9,21
2025-08-20T00:08:46.215721,AAPL,1D,501,2023-08-21T04:00:00+00:00,2025-08-19T04:00:00+00:00,10000,4368.045094947053,-0.5631954905052947,0.3111174296275234,-0.5821082597228774,-0.0864989653686434,9,21
2025-08-20T00:20:39.654741,AAPL,1D,501,2023-08-21T04:00:00+00:00,2025-08-19T04:00:00+00:00,10000,4368.045094947053,-0.5631954905052947,0.3111174296275234,-0.5821082597228774,-0.0864989653686434,9,21
2025-08-20T20:40:33.573655,AAPL,1D,501,2023-08-22T04:00:00+00:00,2025-08-20T04:00:00+00:00,10000,4315.785380612789,-0.5684214619387211,0.27482229493399535,-0.5904186068306612,-0.08777993432532576,9,21
2025-08-21T20:10:55.583101,AAPL,1D,6373,2023-08-23T04:00:00+00:00,2025-08-21T04:00:00+00:00,10000,5.789499010128311e-07,-0.999999999942105,0.24130698752621704,-0.999999999942105,-0.02291127503111127,9,21
2025-08-21T21:27:47.147156,AAPL,1D,6373,2023-08-23T04:00:00+00:00,2025-08-21T04:00:00+00:00,10000,5.789499010128311e-07,-0.999999999942105,0.24130698752621704,-0.999999999942105,-0.02291127503111127,9,21
2025-08-21T21:44:12.277321,AAPL,1D,6373,2023-08-23T04:00:00+00:00,2025-08-21T04:00:00+00:00,10000,5.789499010128311e-07,-0.999999999942105,0.24130698752621704,-0.999999999942105,-0.02291127503111127,9,21
2025-08-21T22:31:12.516041,AAPL,1D,6373,2023-08-23T04:00:00+00:00,2025-08-21T04:00:00+00:00,10000,5.789499010128311e-07,-0.999999999942105,0.24130698752621704,-0.999999999942105,-0.02291127503111127,9,21
2025-08-23T22:26:33.686346,AAPL,1D,6356,2023-08-25T04:00:00+00:00,2025-08-22T04:00:00+00:00,10000,10000.0,0.0,0.27489013911047677,0.0,0.0,9,21
2025-08-24T01:04:09.202517,AAPL,1D,6356,2023-08-25T04:00:00+00:00,2025-08-22T04:00:00+00:00,10000,10000.0,0.0,0.27489013911047677,0.0,0.0,9,21
2025-08-24T01:27:27.053034,AAPL,1D,6356,2023-08-25T04:00:00+00:00,2025-08-22T04:00:00+00:00,10000,10000.0,0.0,0.27489013911047677,0.0,0.0,9,21
2025-08-24T01:37:46.812929,AAPL,1D,6356,2023-08-25T04:00:00+00:00,2025-08-22T04:00:00+00:00,10000,10000.0,0.0,0.27489013911047677,0.0,0.0,9,21
2025-08-24T03:17:52.300544,AAPL,1D,6356,2023-08-25T04:00:00+00:00,2025-08-22T04:00:00+00:00,10000,10000.0,0.0,0.27489013911047677,0.0,0.0,9,21
2025-08-24T03:35:04.626326,AAPL,1D,6356,2023-08-25T04:00:00+00:00,2025-08-22T04:00:00+00:00,10000,10000.0,0.0,0.27489013911047677,0.0,0.0,9,21
2025-08-24T20:18:08.713736,AAPL,1D,6348,2023-08-28T04:00:00+00:00,2025-08-22T04:00:00+00:00,10000,10000.0,0.0,0.26451971127151586,0.0,0.0,9,21
2025-08-24T21:08:36.709229,AAPL,1D,6348,2023-08-28T04:00:00+00:00,2025-08-22T04:00:00+00:00,10000,10000.0,0.0,0.26451971127151586,0.0,0.0,9,21
2025-08-24T21:32:34.490510,AAPL,1D,6348,2023-08-28T04:00:00+00:00,2025-08-22T04:00:00+00:00,10000,10000.0,0.0,0.26451971127151586,0.0,0.0,9,21
2025-08-24T22:28:09.472358,AAPL,1D,6348,2023-08-28T04:00:00+00:00,2025-08-22T04:00:00+00:00,10000,10000.0,0.0,0.26451971127151586,0.0,0.0,9,21
2025-08-24T22:47:15.239627,AAPL,1D,6348,2023-08-28T04:00:00+00:00,2025-08-22T04:00:00+00:00,10000,10000.0,0.0,0.26451971127151586,0.0,0.0,9,21
2025-08-24T22:58:37.104436,AAPL,1D,6348,2023-08-28T04:00:00+00:00,2025-08-22T04:00:00+00:00,10000,10000.0,0.0,0.26451971127151586,0.0,0.0,9,21
2025-09-18T20:31:06.840280,AAPL,1D,125,2025-06-23T04:00:00+00:00,2025-09-18T04:00:00+00:00,10000,10000.0,0.0,0.1803205478092591,0.0,0.0,9,21
2025-09-18T20:32:00.276255,AAPL,1D,1876,2024-09-19T04:00:00+00:00,2025-09-18T04:00:00+00:00,10000,10000.0,0.0,0.03916471898822649,0.0,0.0,9,21
2025-09-18T20:32:00.686490,AAPL,1D,1500,2024-09-19T04:00:00+00:00,2025-09-18T04:00:00+00:00,10000,10000.0,0.0,0.03916471898822649,0.0,0.0,9,21
2025-09-18T20:32:00.924473,MSFT,1D,443,2025-03-24T04:00:00+00:00,2025-09-18T04:00:00+00:00,10000,10000.0,0.0,0.2951349974528783,0.0,0.0,9,21
2025-09-18T20:32:01.162291,GOOGL,1D,443,2025-03-24T04:00:00+00:00,2025-09-18T04:00:00+00:00,10000,10000.0,0.0,0.5038484486873509,0.0,0.0,9,21
2025-09-18T20:32:01.397166,TSLA,1D,443,2025-03-24T04:00:00+00:00,2025-09-18T04:00:00+00:00,10000,10000.0,0.0,0.4965520956793448,0.0,0.0,9,21
2025-09-18T20:39:19.816291,AAPL,1D,125,2025-06-23T04:00:00+00:00,2025-09-18T04:00:00+00:00,10000,10000.0,0.0,0.1803205478092591,0.0,0.0,9,21
2025-09-18T20:39:19.942493,AAPL,1D,186,2025-06-23T04:00:00+00:00,2025-09-18T04:00:00+00:00,10000,10000.0,0.0,0.1803205478092591,0.0,0.0,9,21
2025-09-18T20:39:20.057999,AAPL,1D,186,2025-06-23T04:00:00+00:00,2025-09-18T04:00:00+00:00,10000,10000.0,0.0,0.1803205478092591,0.0,0.0,9,21
2025-09-18T20:39:20.170669,AAPL,1D,186,2025-06-23T04:00:00+00:00,2025-09-18T04:00:00+00:00,10000,10000.0,0.0,0.1803205478092591,0.0,0.0,9,21
2025-09-18T20:39:20.296461,AAPL,1D,186,2025-06-23T04:00:00+00:00,2025-09-18T04:00:00+00:00,10000,10000.0,0.0,0.1803205478092591,0.0,0.0,9,21
2025-09-18T20:39:20.417533,AAPL,1D,186,2025-06-23T04:00:00+00:00,2025-09-18T04:00:00+00:00,10000,10000.0,0.0,0.1803205478092591,0.0,0.0,9,21
2025-09-18T20:39:20.532772,AAPL,1D,186,2025-06-23T04:00:00+00:00,2025-09-18T04:00:00+00:00,10000,10000.0,0.0,0.1803205478092591,0.0,0.0,9,21
2025-09-18T20:39:20.654019,AAPL,1D,186,2025-06-23T04:00:00+00:00,2025-09-18T04:00:00+00:00,10000,10000.0,0.0,0.1803205478092591,0.0,0.0,9,21
2025-09-18T20:39:20.778276,AAPL,1D,186,2025-06-23T04:00:00+00:00,2025-09-18T04:00:00+00:00,10000,10000.0,0.0,0.1803205478092591,0.0,0.0,9,21
2025-09-18T20:39:20.916016,AAPL,1D,186,2025-06-23T04:00:00+00:00,2025-09-18T04:00:00+00:00,10000,10000.0,0.0,0.1803205478092591,0.0,0.0,9,21
2025-09-18T20:39:21.033778,AAPL,1D,186,2025-06-23T04:00:00+00:00,2025-09-18T04:00:00+00:00,10000,10000.0,0.0,0.1803205478092591,0.0,0.0,9,21
2025-09-18T20:39:21.168222,AAPL,1D,186,2025-06-23T04:00:00+00:00,2025-09-18T04:00:00+00:00,10000,10000.0,0.0,0.1803205478092591,0.0,0.0,9,21
2025-09-18T20:39:21.285820,AAPL,1D,186,2025-06-23T04:00:00+00:00,2025-09-18T04:00:00+00:00,10000,10000.0,0.0,0.1803205478092591,0.0,0.0,9,21
2025-09-18T20:39:21.409950,AAPL,1D,186,2025-06-23T04:00:00+00:00,2025-09-18T04:00:00+00:00,10000,10000.0,0.0,0.1803205478092591,0.0,0.0,9,21
2025-09-18T20:39:21.556556,AAPL,1D,186,2025-06-23T04:00:00+00:00,2025-09-18T04:00:00+00:00,10000,10000.0,0.0,0.1803205478092591,0.0,0.0,9,21
2025-09-18T20:39:21.694073,AAPL,1D,186,2025-06-23T04:00:00+00:00,2025-09-18T04:00:00+00:00,10000,10000.0,0.0,0.1803205478092591,0.0,0.0,9,21
2025-09-18T20:39:21.817681,AAPL,1D,186,2025-06-23T04:00:00+00:00,2025-09-18T04:00:00+00:00,10000,10000.0,0.0,0.1803205478092591,0.0,0.0,9,21
2025-09-18T20:39:21.940544,AAPL,1D,186,2025-06-23T04:00:00+00:00,2025-09-18T04:00:00+00:00,10000,10000.0,0.0,0.1803205478092591,0.0,0.0,9,21
2025-09-18T20:39:22.060347,AAPL,1D,186,2025-06-23T04:00:00+00:00,2025-09-18T04:00:00+00:00,10000,10000.0,0.0,0.1803205478092591,0.0,0.0,9,21
2025-09-18T20:39:22.188916,AAPL,1D,186,2025-06-23T04:00:00+00:00,2025-09-18T04:00:00+00:00,10000,10000.0,0.0,0.1803205478092591,0.0,0.0,9,21
2025-09-18T20:39:22.298907,AAPL,1D,186,2025-06-23T04:00:00+00:00,2025-09-18T04:00:00+00:00,10000,10000.0,0.0,0.1803205478092591,0.0,0.0,9,21
2025-09-18T20:39:22.422777,AAPL,1D,186,2025-06-23T04:00:00+00:00,2025-09-18T04:00:00+00:00,10000,10000.0,0.0,0.1803205478092591,0.0,0.0,9,21
2025-09-19T06:00:02.446061,AAPL,1D,1860,2024-09-20T04:00:00+00:00,2025-09-18T04:00:00+00:00,10000,10000.0,0.0,0.040847135012142655,0.0,0.0,9,21
2025-09-19T06:00:02.699862,AAPL,1D,1494,2024-09-20T04:00:00+00:00,2025-09-18T04:00:00+00:00,10000,10000.0,0.0,0.040847135012142655,0.0,0.0,9,21
2025-09-19T06:00:02.927699,MSFT,1D,447,2025-03-24T04:00:00+00:00,2025-09-18T04:00:00+00:00,10000,10000.0,0.0,0.2951349974528783,0.0,0.0,9,21
2025-09-19T06:00:03.186187,GOOGL,1D,447,2025-03-24T04:00:00+00:00,2025-09-18T04:00:00+00:00,10000,10000.0,0.0,0.5038484486873509,0.0,0.0,9,21
2025-09-19T06:00:03.450837,TSLA,1D,447,2025-03-24T04:00:00+00:00,2025-09-18T04:00:00+00:00,10000,10000.0,0.0,0.4965520956793448,0.0,0.0,9,21
2025-09-19T06:00:04.489031,AAPL,1D,127,2025-06-23T04:00:00+00:00,2025-09-18T04:00:00+00:00,10000,10000.0,0.0,0.1803205478092591,0.0,0.0,9,21
2025-09-19T06:00:04.612034,AAPL,1D,186,2025-06-23T04:00:00+00:00,2025-09-18T04:00:00+00:00,10000,10000.0,0.0,0.1803205478092591,0.0,0.0,9,21
2025-09-19T06:00:04.717216,AAPL,1D,186,2025-06-23T04:00:00+00:00,2025-09-18T04:00:00+00:00,10000,10000.0,0.0,0.1803205478092591,0.0,0.0,9,21
2025-09-19T06:00:04.819881,AAPL,1D,186,2025-06-23T04:00:00+00:00,2025-09-18T04:00:00+00:00,10000,10000.0,0.0,0.1803205478092591,0.0,0.0,9,21
2025-09-19T06:00:04.932385,AAPL,1D,186,2025-06-23T04:00:00+00:00,2025-09-18T04:00:00+00:00,10000,10000.0,0.0,0.1803205478092591,0.0,0.0,9,21
2025-09-19T06:00:05.039944,AAPL,1D,186,2025-06-23T04:00:00+00:00,2025-09-18T04:00:00+00:00,10000,10000.0,0.0,0.1803205478092591,0.0,0.0,9,21
2025-09-19T06:00:05.151197,AAPL,1D,186,2025-06-23T04:00:00+00:00,2025-09-18T04:00:00+00:00,10000,10000.0,0.0,0.1803205478092591,0.0,0.0,9,21
2025-09-19T06:00:05.256326,AAPL,1D,186,2025-06-23T04:00:00+00:00,2025-09-18T04:00:00+00:00,10000,10000.0,0.0,0.1803205478092591,0.0,0.0,9,21
2025-09-19T06:00:05.361089,AAPL,1D,186,2025-06-23T04:00:00+00:00,2025-09-18T04:00:00+00:00,10000,10000.0,0.0,0.1803205478092591,0.0,0.0,9,21
2025-09-19T06:00:05.465498,AAPL,1D,186,2025-06-23T04:00:00+00:00,2025-09-18T04:00:00+00:00,10000,10000.0,0.0,0.1803205478092591,0.0,0.0,9,21
2025-09-19T06:00:05.583993,AAPL,1D,186,2025-06-23T04:00:00+00:00,2025-09-18T04:00:00+00:00,10000,10000.0,0.0,0.1803205478092591,0.0,0.0,9,21
2025-09-19T06:00:05.691777,AAPL,1D,186,2025-06-23T04:00:00+00:00,2025-09-18T04:00:00+00:00,10000,10000.0,0.0,0.1803205478092591,0.0,0.0,9,21
2025-09-19T06:00:05.792343,AAPL,1D,186,2025-06-23T04:00:00+00:00,2025-09-18T04:00:00+00:00,10000,10000.0,0.0,0.1803205478092591,0.0,0.0,9,21
2025-09-19T06:00:05.898162,AAPL,1D,186,2025-06-23T04:00:00+00:00,2025-09-18T04:00:00+00:00,10000,10000.0,0.0,0.1803205478092591,0.0,0.0,9,21
2025-09-19T06:00:06.014893,AAPL,1D,186,2025-06-23T04:00:00+00:00,2025-09-18T04:00:00+00:00,10000,10000.0,0.0,0.1803205478092591,0.0,0.0,9,21
2025-09-19T06:00:06.132549,AAPL,1D,186,2025-06-23T04:00:00+00:00,2025-09-18T04:00:00+00:00,10000,10000.0,0.0,0.1803205478092591,0.0,0.0,9,21
2025-09-19T06:00:06.256829,AAPL,1D,186,2025-06-23T04:00:00+00:00,2025-09-18T04:00:00+00:00,10000,10000.0,0.0,0.1803205478092591,0.0,0.0,9,21
2025-09-19T06:00:06.378793,AAPL,1D,186,2025-06-23T04:00:00+00:00,2025-09-18T04:00:00+00:00,10000,10000.0,0.0,0.1803205478092591,0.0,0.0,9,21
2025-09-19T06:00:06.483032,AAPL,1D,186,2025-06-23T04:00:00+00:00,2025-09-18T04:00:00+00:00,10000,10000.0,0.0,0.1803205478092591,0.0,0.0,9,21
2025-09-19T06:00:06.595672,AAPL,1D,186,2025-06-23T04:00:00+00:00,2025-09-18T04:00:00+00:00,10000,10000.0,0.0,0.1803205478092591,0.0,0.0,9,21
2025-09-19T06:00:06.705960,AAPL,1D,186,2025-06-23T04:00:00+00:00,2025-09-18T04:00:00+00:00,10000,10000.0,0.0,0.1803205478092591,0.0,0.0,9,21
2025-09-19T06:00:06.815404,AAPL,1D,186,2025-06-23T04:00:00+00:00,2025-09-18T04:00:00+00:00,10000,10000.0,0.0,0.1803205478092591,0.0,0.0,9,21
2025-09-20T06:00:02.832134,AAPL,1D,1856,2024-09-23T04:00:00+00:00,2025-09-19T04:00:00+00:00,10000,10000.0,0.0,0.08313832840301982,0.0,0.0,9,21
2025-09-20T06:00:03.056443,AAPL,1D,1494,2024-09-20T04:00:00+00:00,2025-09-18T04:00:00+00:00,10000,10000.0,0.0,0.040847135012142655,0.0,0.0,9,21
2025-09-20T06:00:03.276913,MSFT,1D,445,2025-03-25T04:00:00+00:00,2025-09-19T04:00:00+00:00,10000,2425.01513347087,-0.7574984866529131,0.31091990383398715,-0.7617292514019851,0.07382480896912975,9,21
2025-09-20T06:00:03.496995,GOOGL,1D,445,2025-03-25T04:00:00+00:00,2025-09-19T04:00:00+00:00,10000,10000.0,0.0,0.4931105247727938,0.0,0.0,9,21
2025-09-20T06:00:03.711298,TSLA,1D,445,2025-03-25T04:00:00+00:00,2025-09-19T04:00:00+00:00,10000,10000.0,0.0,0.47927771507943384,0.0,0.0,9,21
2025-09-20T06:00:04.655279,AAPL,1D,129,2025-06-23T04:00:00+00:00,2025-09-19T04:00:00+00:00,10000,10000.0,0.0,0.21728774872227463,0.0,0.0,9,21
2025-09-20T06:00:04.766580,AAPL,1D,189,2025-06-23T04:00:00+00:00,2025-09-19T04:00:00+00:00,10000,10000.0,0.0,0.21728774872227463,0.0,0.0,9,21
2025-09-20T06:00:04.870951,AAPL,1D,189,2025-06-23T04:00:00+00:00,2025-09-19T04:00:00+00:00,10000,10000.0,0.0,0.21728774872227463,0.0,0.0,9,21
2025-09-20T06:00:04.973533,AAPL,1D,189,2025-06-23T04:00:00+00:00,2025-09-19T04:00:00+00:00,10000,10000.0,0.0,0.21728774872227463,0.0,0.0,9,21
2025-09-20T06:00:05.075012,AAPL,1D,189,2025-06-23T04:00:00+00:00,2025-09-19T04:00:00+00:00,10000,10000.0,0.0,0.21728774872227463,0.0,0.0,9,21
2025-09-20T06:00:05.170429,AAPL,1D,189,2025-06-23T04:00:00+00:00,2025-09-19T04:00:00+00:00,10000,10000.0,0.0,0.21728774872227463,0.0,0.0,9,21
2025-09-20T06:00:05.269200,AAPL,1D,189,2025-06-23T04:00:00+00:00,2025-09-19T04:00:00+00:00,10000,10000.0,0.0,0.21728774872227463,0.0,0.0,9,21
2025-09-20T06:00:05.377477,AAPL,1D,189,2025-06-23T04:00:00+00:00,2025-09-19T04:00:00+00:00,10000,10000.0,0.0,0.21728774872227463,0.0,0.0,9,21
2025-09-20T06:00:05.480823,AAPL,1D,189,2025-06-23T04:00:00+00:00,2025-09-19T04:00:00+00:00,10000,10000.0,0.0,0.21728774872227463,0.0,0.0,9,21
2025-09-20T06:00:05.594914,AAPL,1D,189,2025-06-23T04:00:00+00:00,2025-09-19T04:00:00+00:00,10000,10000.0,0.0,0.21728774872227463,0.0,0.0,9,21
2025-09-20T06:00:05.697803,AAPL,1D,189,2025-06-23T04:00:00+00:00,2025-09-19T04:00:00+00:00,10000,10000.0,0.0,0.21728774872227463,0.0,0.0,9,21
2025-09-20T06:00:05.810495,AAPL,1D,189,2025-06-23T04:00:00+00:00,2025-09-19T04:00:00+00:00,10000,10000.0,0.0,0.21728774872227463,0.0,0.0,9,21
2025-09-20T06:00:05.913271,AAPL,1D,189,2025-06-23T04:00:00+00:00,2025-09-19T04:00:00+00:00,10000,10000.0,0.0,0.21728774872227463,0.0,0.0,9,21
2025-09-20T06:00:06.031692,AAPL,1D,189,2025-06-23T04:00:00+00:00,2025-09-19T04:00:00+00:00,10000,10000.0,0.0,0.21728774872227463,0.0,0.0,9,21
2025-09-20T06:00:06.130628,AAPL,1D,189,2025-06-23T04:00:00+00:00,2025-09-19T04:00:00+00:00,10000,10000.0,0.0,0.21728774872227463,0.0,0.0,9,21
2025-09-20T06:00:06.239803,AAPL,1D,189,2025-06-23T04:00:00+00:00,2025-09-19T04:00:00+00:00,10000,10000.0,0.0,0.21728774872227463,0.0,0.0,9,21
2025-09-20T06:00:06.404052,AAPL,1D,189,2025-06-23T04:00:00+00:00,2025-09-19T04:00:00+00:00,10000,10000.0,0.0,0.21728774872227463,0.0,0.0,9,21
2025-09-20T06:00:06.515253,AAPL,1D,189,2025-06-23T04:00:00+00:00,2025-09-19T04:00:00+00:00,10000,10000.0,0.0,0.21728774872227463,0.0,0.0,9,21
2025-09-20T06:00:06.623600,AAPL,1D,189,2025-06-23T04:00:00+00:00,2025-09-19T04:00:00+00:00,10000,10000.0,0.0,0.21728774872227463,0.0,0.0,9,21
2025-09-20T06:00:06.735683,AAPL,1D,189,2025-06-23T04:00:00+00:00,2025-09-19T04:00:00+00:00,10000,10000.0,0.0,0.21728774872227463,0.0,0.0,9,21
2025-09-20T06:00:06.859468,AAPL,1D,189,2025-06-23T04:00:00+00:00,2025-09-19T04:00:00+00:00,10000,10000.0,0.0,0.21728774872227463,0.0,0.0,9,21
2025-09-20T06:00:06.973532,AAPL,1D,189,2025-06-23T04:00:00+00:00,2025-09-19T04:00:00+00:00,10000,10000.0,0.0,0.21728774872227463,0.0,0.0,9,21
2025-09-21T06:00:02.794688,AAPL,1D,1854,2024-09-23T04:00:00+00:00,2025-09-19T04:00:00+00:00,10000,10000.0,0.0,0.08313832840301982,0.0,0.0,9,21
2025-09-21T06:00:03.018584,AAPL,1D,1494,2024-09-20T04:00:00+00:00,2025-09-18T04:00:00+00:00,10000,10000.0,0.0,0.040847135012142655,0.0,0.0,9,21
2025-09-21T06:00:03.250257,MSFT,1D,442,2025-03-26T04:00:00+00:00,2025-09-19T04:00:00+00:00,10000,2477.19076630399,-0.752280923369601,0.32880999409999223,-0.7567494844107878,0.07777459818465339,9,21
2025-09-21T06:00:03.470386,GOOGL,1D,442,2025-03-26T04:00:00+00:00,2025-09-19T04:00:00+00:00,10000,10000.0,0.0,0.542305129913391,0.0,0.0,9,21
2025-09-21T06:00:03.697208,TSLA,1D,442,2025-03-26T04:00:00+00:00,2025-09-19T04:00:00+00:00,10000,10000.0,0.0,0.5663308453138212,0.0,0.0,9,21
2025-09-21T06:00:04.743108,AAPL,1D,127,2025-06-24T04:00:00+00:00,2025-09-19T04:00:00+00:00,10000,10000.0,0.0,0.22476285571642518,0.0,0.0,9,21
2025-09-21T06:00:04.849461,AAPL,1D,186,2025-06-24T04:00:00+00:00,2025-09-19T04:00:00+00:00,10000,10000.0,0.0,0.22476285571642518,0.0,0.0,9,21
2025-09-21T06:00:04.959640,AAPL,1D,186,2025-06-24T04:00:00+00:00,2025-09-19T04:00:00+00:00,10000,10000.0,0.0,0.22476285571642518,0.0,0.0,9,21
2025-09-21T06:00:05.062582,AAPL,1D,186,2025-06-24T04:00:00+00:00,2025-09-19T04:00:00+00:00,10000,10000.0,0.0,0.22476285571642518,0.0,0.0,9,21
2025-09-21T06:00:05.167080,AAPL,1D,186,2025-06-24T04:00:00+00:00,2025-09-19T04:00:00+00:00,10000,10000.0,0.0,0.22476285571642518,0.0,0.0,9,21
2025-09-21T06:00:05.274430,AAPL,1D,186,2025-06-24T04:00:00+00:00,2025-09-19T04:00:00+00:00,10000,10000.0,0.0,0.22476285571642518,0.0,0.0,9,21
2025-09-21T06:00:05.374597,AAPL,1D,186,2025-06-24T04:00:00+00:00,2025-09-19T04:00:00+00:00,10000,10000.0,0.0,0.22476285571642518,0.0,0.0,9,21
2025-09-21T06:00:05.478381,AAPL,1D,186,2025-06-24T04:00:00+00:00,2025-09-19T04:00:00+00:00,10000,10000.0,0.0,0.22476285571642518,0.0,0.0,9,21
2025-09-21T06:00:05.581223,AAPL,1D,186,2025-06-24T04:00:00+00:00,2025-09-19T04:00:00+00:00,10000,10000.0,0.0,0.22476285571642518,0.0,0.0,9,21
2025-09-21T06:00:05.688457,AAPL,1D,186,2025-06-24T04:00:00+00:00,2025-09-19T04:00:00+00:00,10000,10000.0,0.0,0.22476285571642518,0.0,0.0,9,21
2025-09-21T06:00:05.794695,AAPL,1D,186,2025-06-24T04:00:00+00:00,2025-09-19T04:00:00+00:00,10000,10000.0,0.0,0.22476285571642518,0.0,0.0,9,21
2025-09-21T06:00:05.901255,AAPL,1D,186,2025-06-24T04:00:00+00:00,2025-09-19T04:00:00+00:00,10000,10000.0,0.0,0.22476285571642518,0.0,0.0,9,21
2025-09-21T06:00:06.010587,AAPL,1D,186,2025-06-24T04:00:00+00:00,2025-09-19T04:00:00+00:00,10000,10000.0,0.0,0.22476285571642518,0.0,0.0,9,21
2025-09-21T06:00:06.117122,AAPL,1D,186,2025-06-24T04:00:00+00:00,2025-09-19T04:00:00+00:00,10000,10000.0,0.0,0.22476285571642518,0.0,0.0,9,21
2025-09-21T06:00:06.221377,AAPL,1D,186,2025-06-24T04:00:00+00:00,2025-09-19T04:00:00+00:00,10000,10000.0,0.0,0.22476285571642518,0.0,0.0,9,21
2025-09-21T06:00:06.321612,AAPL,1D,186,2025-06-24T04:00:00+00:00,2025-09-19T04:00:00+00:00,10000,10000.0,0.0,0.22476285571642518,0.0,0.0,9,21
2025-09-21T06:00:06.431431,AAPL,1D,186,2025-06-24T04:00:00+00:00,2025-09-19T04:00:00+00:00,10000,10000.0,0.0,0.22476285571642518,0.0,0.0,9,21
2025-09-21T06:00:06.537714,AAPL,1D,186,2025-06-24T04:00:00+00:00,2025-09-19T04:00:00+00:00,10000,10000.0,0.0,0.22476285571642518,0.0,0.0,9,21
2025-09-21T06:00:06.649476,AAPL,1D,186,2025-06-24T04:00:00+00:00,2025-09-19T04:00:00+00:00,10000,10000.0,0.0,0.22476285571642518,0.0,0.0,9,21
2025-09-21T06:00:06.758372,AAPL,1D,186,2025-06-24T04:00:00+00:00,2025-09-19T04:00:00+00:00,10000,10000.0,0.0,0.22476285571642518,0.0,0.0,9,21
2025-09-21T06:00:06.862584,AAPL,1D,186,2025-06-24T04:00:00+00:00,2025-09-19T04:00:00+00:00,10000,10000.0,0.0,0.22476285571642518,0.0,0.0,9,21
2025-09-21T06:00:06.964153,AAPL,1D,186,2025-06-24T04:00:00+00:00,2025-09-19T04:00:00+00:00,10000,10000.0,0.0,0.22476285571642518,0.0,0.0,9,21
2025-09-22T06:00:02.910201,AAPL,1D,1861,2024-09-23T04:00:00+00:00,2025-09-19T04:00:00+00:00,10000,10000.0,0.0,0.08313832840301982,0.0,0.0,9,21
2025-09-22T06:00:03.163027,AAPL,1D,1494,2024-09-20T04:00:00+00:00,2025-09-18T04:00:00+00:00,10000,10000.0,0.0,0.040847135012142655,0.0,0.0,9,21
2025-09-22T06:00:03.399225,MSFT,1D,440,2025-03-27T04:00:00+00:00,2025-09-19T04:00:00+00:00,10000,2511.692786033495,-0.7488307213966505,0.32615652441053733,-0.7531954429679031,0.07743481535002235,9,21
2025-09-22T06:00:03.613990,GOOGL,1D,440,2025-03-27T04:00:00+00:00,2025-09-19T04:00:00+00:00,10000,10000.0,0.0,0.5697817778325731,0.0,0.0,9,21
2025-09-22T06:00:03.847649,TSLA,1D,440,2025-03-27T04:00:00+00:00,2025-09-19T04:00:00+00:00,10000,10000.0,0.0,0.5590506514419558,0.0,0.0,9,21
2025-09-22T06:00:04.842367,AAPL,1D,126,2025-06-25T04:00:00+00:00,2025-09-19T04:00:00+00:00,10000,10000.0,0.0,0.2171669560903,0.0,0.0,9,21
2025-09-22T06:00:04.947422,AAPL,1D,183,2025-06-25T04:00:00+00:00,2025-09-19T04:00:00+00:00,10000,10000.0,0.0,0.2171669560903,0.0,0.0,9,21
2025-09-22T06:00:05.050996,AAPL,1D,183,2025-06-25T04:00:00+00:00,2025-09-19T04:00:00+00:00,10000,10000.0,0.0,0.2171669560903,0.0,0.0,9,21
2025-09-22T06:00:05.223300,AAPL,1D,183,2025-06-25T04:00:00+00:00,2025-09-19T04:00:00+00:00,10000,10000.0,0.0,0.2171669560903,0.0,0.0,9,21
2025-09-22T06:00:05.330073,AAPL,1D,183,2025-06-25T04:00:00+00:00,2025-09-19T04:00:00+00:00,10000,10000.0,0.0,0.2171669560903,0.0,0.0,9,21
2025-09-22T06:00:05.436894,AAPL,1D,183,2025-06-25T04:00:00+00:00,2025-09-19T04:00:00+00:00,10000,10000.0,0.0,0.2171669560903,0.0,0.0,9,21
2025-09-22T06:00:05.549174,AAPL,1D,183,2025-06-25T04:00:00+00:00,2025-09-19T04:00:00+00:00,10000,10000.0,0.0,0.2171669560903,0.0,0.0,9,21
2025-09-22T06:00:05.657323,AAPL,1D,183,2025-06-25T04:00:00+00:00,2025-09-19T04:00:00+00:00,10000,10000.0,0.0,0.2171669560903,0.0,0.0,9,21
2025-09-22T06:00:05.762154,AAPL,1D,183,2025-06-25T04:00:00+00:00,2025-09-19T04:00:00+00:00,10000,10000.0,0.0,0.2171669560903,0.0,0.0,9,21
2025-09-22T06:00:05.871033,AAPL,1D,183,2025-06-25T04:00:00+00:00,2025-09-19T04:00:00+00:00,10000,10000.0,0.0,0.2171669560903,0.0,0.0,9,21
2025-09-22T06:00:05.971876,AAPL,1D,183,2025-06-25T04:00:00+00:00,2025-09-19T04:00:00+00:00,10000,10000.0,0.0,0.2171669560903,0.0,0.0,9,21
2025-09-22T06:00:06.075681,AAPL,1D,183,2025-06-25T04:00:00+00:00,2025-09-19T04:00:00+00:00,10000,10000.0,0.0,0.2171669560903,0.0,0.0,9,21
2025-09-22T06:00:06.189835,AAPL,1D,183,2025-06-25T04:00:00+00:00,2025-09-19T04:00:00+00:00,10000,10000.0,0.0,0.2171669560903,0.0,0.0,9,21
2025-09-22T06:00:06.316316,AAPL,1D,183,2025-06-25T04:00:00+00:00,2025-09-19T04:00:00+00:00,10000,10000.0,0.0,0.2171669560903,0.0,0.0,9,21
2025-09-22T06:00:06.441361,AAPL,1D,183,2025-06-25T04:00:00+00:00,2025-09-19T04:00:00+00:00,10000,10000.0,0.0,0.2171669560903,0.0,0.0,9,21
2025-09-22T06:00:06.559111,AAPL,1D,183,2025-06-25T04:00:00+00:00,2025-09-19T04:00:00+00:00,10000,10000.0,0.0,0.2171669560903,0.0,0.0,9,21
2025-09-22T06:00:06.665572,AAPL,1D,183,2025-06-25T04:00:00+00:00,2025-09-19T04:00:00+00:00,10000,10000.0,0.0,0.2171669560903,0.0,0.0,9,21
2025-09-22T06:00:06.769245,AAPL,1D,183,2025-06-25T04:00:00+00:00,2025-09-19T04:00:00+00:00,10000,10000.0,0.0,0.2171669560903,0.0,0.0,9,21
2025-09-22T06:00:06.880933,AAPL,1D,183,2025-06-25T04:00:00+00:00,2025-09-19T04:00:00+00:00,10000,10000.0,0.0,0.2171669560903,0.0,0.0,9,21
2025-09-22T06:00:06.983017,AAPL,1D,183,2025-06-25T04:00:00+00:00,2025-09-19T04:00:00+00:00,10000,10000.0,0.0,0.2171669560903,0.0,0.0,9,21
2025-09-22T06:00:07.089637,AAPL,1D,183,2025-06-25T04:00:00+00:00,2025-09-19T04:00:00+00:00,10000,10000.0,0.0,0.2171669560903,0.0,0.0,9,21
2025-09-22T06:00:07.225380,AAPL,1D,183,2025-06-25T04:00:00+00:00,2025-09-19T04:00:00+00:00,10000,10000.0,0.0,0.2171669560903,0.0,0.0,9,21
2025-09-23T06:00:03.484381,AAPL,1D,1867,2024-09-24T04:00:00+00:00,2025-09-22T04:00:00+00:00,10000,10000.0,0.0,0.1260001758550955,0.0,0.0,9,21
2025-09-23T06:00:03.741898,AAPL,1D,1494,2024-09-20T04:00:00+00:00,2025-09-18T04:00:00+00:00,10000,10000.0,0.0,0.040847135012142655,0.0,0.0,9,21
2025-09-23T06:00:03.973295,MSFT,1D,438,2025-03-28T04:00:00+00:00,2025-09-22T04:00:00+00:00,10000,10000.0,0.0,0.3582913113498958,0.0,0.0,9,21
2025-09-23T06:00:04.243292,GOOGL,1D,438,2025-03-28T04:00:00+00:00,2025-09-22T04:00:00+00:00,10000,10000.0,0.0,0.635874846148863,0.0,0.0,9,21
2025-09-23T06:00:04.623959,TSLA,1D,438,2025-03-28T04:00:00+00:00,2025-09-22T04:00:00+00:00,10000,10000.0,0.0,0.647302117325643,0.0,0.0,9,21
2025-09-23T06:00:05.948092,AAPL,1D,125,2025-06-26T04:00:00+00:00,2025-09-22T04:00:00+00:00,10000,10000.0,0.0,0.27391196219845804,0.0,0.0,9,21
2025-09-23T06:00:06.161626,AAPL,1D,183,2025-06-26T04:00:00+00:00,2025-09-22T04:00:00+00:00,10000,10000.0,0.0,0.27391196219845804,0.0,0.0,9,21
2025-09-23T06:00:06.296922,AAPL,1D,183,2025-06-26T04:00:00+00:00,2025-09-22T04:00:00+00:00,10000,10000.0,0.0,0.27391196219845804,0.0,0.0,9,21
2025-09-23T06:00:06.434801,AAPL,1D,183,2025-06-26T04:00:00+00:00,2025-09-22T04:00:00+00:00,10000,10000.0,0.0,0.27391196219845804,0.0,0.0,9,21
2025-09-23T06:00:06.547397,AAPL,1D,183,2025-06-26T04:00:00+00:00,2025-09-22T04:00:00+00:00,10000,10000.0,0.0,0.27391196219845804,0.0,0.0,9,21
2025-09-23T06:00:06.657887,AAPL,1D,183,2025-06-26T04:00:00+00:00,2025-09-22T04:00:00+00:00,10000,10000.0,0.0,0.27391196219845804,0.0,0.0,9,21
2025-09-23T06:00:06.760131,AAPL,1D,183,2025-06-26T04:00:00+00:00,2025-09-22T04:00:00+00:00,10000,10000.0,0.0,0.27391196219845804,0.0,0.0,9,21
2025-09-23T06:00:06.874589,AAPL,1D,183,2025-06-26T04:00:00+00:00,2025-09-22T04:00:00+00:00,10000,10000.0,0.0,0.27391196219845804,0.0,0.0,9,21
2025-09-23T06:00:06.981981,AAPL,1D,183,2025-06-26T04:00:00+00:00,2025-09-22T04:00:00+00:00,10000,10000.0,0.0,0.27391196219845804,0.0,0.0,9,21
2025-09-23T06:00:07.106174,AAPL,1D,183,2025-06-26T04:00:00+00:00,2025-09-22T04:00:00+00:00,10000,10000.0,0.0,0.27391196219845804,0.0,0.0,9,21
2025-09-23T06:00:07.229406,AAPL,1D,183,2025-06-26T04:00:00+00:00,2025-09-22T04:00:00+00:00,10000,10000.0,0.0,0.27391196219845804,0.0,0.0,9,21
2025-09-23T06:00:07.343094,AAPL,1D,183,2025-06-26T04:00:00+00:00,2025-09-22T04:00:00+00:00,10000,10000.0,0.0,0.27391196219845804,0.0,0.0,9,21
2025-09-23T06:00:07.463592,AAPL,1D,183,2025-06-26T04:00:00+00:00,2025-09-22T04:00:00+00:00,10000,10000.0,0.0,0.27391196219845804,0.0,0.0,9,21
2025-09-23T06:00:07.571635,AAPL,1D,183,2025-06-26T04:00:00+00:00,2025-09-22T04:00:00+00:00,10000,10000.0,0.0,0.27391196219845804,0.0,0.0,9,21
2025-09-23T06:00:07.674873,AAPL,1D,183,2025-06-26T04:00:00+00:00,2025-09-22T04:00:00+00:00,10000,10000.0,0.0,0.27391196219845804,0.0,0.0,9,21
2025-09-23T06:00:07.790525,AAPL,1D,183,2025-06-26T04:00:00+00:00,2025-09-22T04:00:00+00:00,10000,10000.0,0.0,0.27391196219845804,0.0,0.0,9,21
2025-09-23T06:00:07.897276,AAPL,1D,183,2025-06-26T04:00:00+00:00,2025-09-22T04:00:00+00:00,10000,10000.0,0.0,0.27391196219845804,0.0,0.0,9,21
2025-09-23T06:00:08.003876,AAPL,1D,183,2025-06-26T04:00:00+00:00,2025-09-22T04:00:00+00:00,10000,10000.0,0.0,0.27391196219845804,0.0,0.0,9,21
2025-09-23T06:00:08.118675,AAPL,1D,183,2025-06-26T04:00:00+00:00,2025-09-22T04:00:00+00:00,10000,10000.0,0.0,0.27391196219845804,0.0,0.0,9,21
2025-09-23T06:00:08.223875,AAPL,1D,183,2025-06-26T04:00:00+00:00,2025-09-22T04:00:00+00:00,10000,10000.0,0.0,0.27391196219845804,0.0,0.0,9,21
2025-09-23T06:00:08.332731,AAPL,1D,183,2025-06-26T04:00:00+00:00,2025-09-22T04:00:00+00:00,10000,10000.0,0.0,0.27391196219845804,0.0,0.0,9,21
2025-09-23T06:00:08.472749,AAPL,1D,183,2025-06-26T04:00:00+00:00,2025-09-22T04:00:00+00:00,10000,10000.0,0.0,0.27391196219845804,0.0,0.0,9,21
