symbol,entry_date,entry_price,exit_date,exit_price,shares,pnl,pnl_pct,exit_reason,momentum_at_entry,volume_surge_at_entry,days_held
JBLU,2017-03-10,20.040000915527344,2017-03-13,20.040000915527344,164,0.0,0.0,TIME_EXIT,0.05031451759224237,2.260202057039003,3
JBLU,2020-01-23,21.06999969482422,2020-01-24,20.649999618530277,156,-65.52001190185491,-0.019933558726966356,TIME_EXIT,0.0646790661991623,2.9242078293064524,1
JBLU,2020-03-10,14.579999923706056,2020-03-11,13.56999969482422,226,-228.26005172729492,-0.06927299274121713,STOP_LOSS,0.0880597267737242,2.0037225776334857,1
JBLU,2020-03-25,11.34000015258789,2020-03-26,10.93000030517578,291,-119.30995559692434,-0.03615518887965319,TIME_EXIT,0.20638304391345774,1.5958753652117834,1
JBLU,2020-04-28,9.020000457763672,2020-04-29,10.130000114440918,365,405.1498746871948,0.12305982265464854,PROFIT_TARGET,0.11083751045430246,1.6250554116321725,1
JBLU,2020-06-04,13.020000457763672,2020-06-05,13.6899995803833,253,169.5097780227661,0.051459224198422845,PROFIT_TARGET,0.15527949679846387,2.9102497564534193,1
JBLU,2020-06-08,15.59000015258789,2020-06-09,14.210000038146973,211,-291.1800241470337,-0.08851828742361124,STOP_LOSS,0.13878748213602154,1.5821037811193288,1
JBLU,2020-08-10,11.6899995803833,2020-08-11,11.710000038146973,282,5.640129089355469,0.0017109032062955886,TIME_EXIT,0.08643116465789413,1.7352424878670016,1
JBLU,2020-10-07,12.289999961853027,2020-10-08,12.75,268,123.28001022338867,0.03742880712569311,PROFIT_TARGET,0.06776713444487625,1.565409962748794,1
JBLU,2020-10-22,13.0,2020-10-23,13.43000030517578,253,108.7900772094722,0.03307694655198304,PROFIT_TARGET,0.08968982962724703,1.9765324135109203,1
JBLU,2020-11-09,15.029999732971191,2020-11-10,14.9399995803833,219,-19.710033416748047,-0.005988034210703145,TIME_EXIT,0.21700398937012233,2.839363701039821,1
JBLU,2020-12-03,15.890000343322754,2020-12-04,15.609999656677246,207,-57.96014213562012,-0.017621188206151852,TIME_EXIT,0.06145624982520759,2.193198683731259,1
JBLU,2021-02-04,15.949999809265137,2021-02-05,15.800000190734863,206,-30.899921417236328,-0.00940436491059647,TIME_EXIT,0.06333332061767583,1.9003785869844236,1
JBLU,2021-02-22,18.489999771118164,2021-02-23,19.149999618530277,178,117.4799728393561,0.035694962443593374,PROFIT_TARGET,0.06325476826206855,1.535715866499309,1
JBLU,2021-03-08,20.459999084472656,2021-03-09,20.25,161,-33.809852600097656,-0.010263885330866272,TIME_EXIT,0.09822866377578254,1.6799089390955315,1
JBLU,2021-07-20,15.350000381469728,2021-07-21,15.869999885559082,214,111.27989387512169,0.033876188349616504,PROFIT_TARGET,0.06597227695179742,1.674948033036538,1
JBLU,2021-10-01,16.309999465942383,2021-10-04,16.170000076293945,202,-28.279876708984375,-0.008583653846266292,TIME_EXIT,0.0667102358818934,1.5606574053122102,3
JBLU,2021-11-05,16.1200008392334,2021-11-08,15.93000030517578,204,-38.76010894775427,-0.01178663301277189,TIME_EXIT,0.07610155753228298,1.9417001469474282,3
JBLU,2022-03-09,12.720000267028809,2022-03-10,12.739999771118164,259,5.179871559143066,0.0015722880243324898,TIME_EXIT,0.064435185778553,1.570184079577848,1
JBLU,2022-08-03,8.59000015258789,2022-08-04,8.680000305175781,384,34.56005859375,0.01047731676241897,TIME_EXIT,0.0684079842468186,1.809910759570253,1
AAL,2017-08-25,44.00728225708008,2017-08-28,43.715518951416016,74,-21.590484619140625,-0.006629886934613472,TIME_EXIT,0.05428714073913521,2.18214468624606,3
AAL,2017-10-03,49.12282943725586,2017-10-04,49.33678436279297,67,14.334980010986328,0.004355508996288417,TIME_EXIT,0.05824436323664339,1.538313937887603,1
AAL,2018-08-20,39.24533081054688,2018-08-21,39.57899856567383,84,28.028091430663466,0.008502100714546032,TIME_EXIT,0.05821640121411842,1.5562927554619914,1
AAL,2018-10-25,31.767223358154297,2018-10-26,31.855545043945312,103,9.09713363647461,0.0027802771679239138,TIME_EXIT,0.06690825325466054,1.5714056038065658,1
AAL,2020-01-23,28.693960189819336,2020-01-24,27.538230895996094,115,-132.90886878967285,-0.040277789687367616,TIME_EXIT,0.054172748428435336,3.027381197235875,1
AAL,2020-03-10,17.0,2020-03-11,16.260000228881836,194,-143.55995559692383,-0.04352939830106847,TIME_EXIT,0.15254237288135597,2.178787902544686,1
AAL,2020-03-13,14.3100004196167,2020-03-16,15.920000076293944,230,370.2999210357662,0.112508707859309,PROFIT_TARGET,0.06394056673213822,1.79173866737056,3
AAL,2020-03-24,13.920000076293944,2020-03-25,15.390000343322754,237,348.39006328582803,0.10560346688016561,PROFIT_TARGET,0.3580487879311165,1.888438793206365,1
AAL,2020-04-07,10.220000267028809,2020-04-08,11.329999923706056,322,357.4198894500738,0.10861053108366997,PROFIT_TARGET,0.0757895017925061,1.9323458510115594,1
AAL,2020-04-09,12.510000228881836,2020-04-13,11.5600004196167,263,-249.84994983673096,-0.07593923196514996,STOP_LOSS,0.10414830654207097,1.5355707158920342,4
AAL,2020-06-04,16.719999313354492,2020-06-05,18.59000015258789,197,368.3901653289795,0.1118421600496002,PROFIT_TARGET,0.4109703607689461,5.059664395809283,1
AAL,2020-06-08,20.309999465942383,2020-06-09,18.549999237060547,162,-285.1200370788574,-0.08665683284892062,STOP_LOSS,0.09252282405791434,1.70150817986612,1
AAL,2020-08-05,12.5600004196167,2020-08-06,13.039999961853027,262,125.75988006591797,0.03821652278662715,PROFIT_TARGET,0.09503052547619895,1.612904536531923,1
AAL,2020-08-10,14.0,2020-08-11,13.729999542236328,235,-63.45010757446289,-0.01928574698311942,TIME_EXIT,0.07444361373042185,1.634244795559619,1
AAL,2020-08-24,13.4399995803833,2020-08-25,13.140000343322754,245,-73.49981307983398,-0.022321372502006512,TIME_EXIT,0.10526313725600911,1.504525817529522,1
AAL,2020-11-09,13.199999809265137,2020-11-10,12.380000114440918,250,-204.9999237060547,-0.062121189899461776,STOP_LOSS,0.1518324402553417,3.7079370921059938,1
AAL,2020-11-24,14.81999969482422,2020-11-25,14.9399995803833,222,26.639974594115817,0.008097158436581436,TIME_EXIT,0.09292029765609233,1.9622453861824702,1
AAL,2020-12-03,16.09000015258789,2020-12-04,16.399999618530273,205,63.54989051818848,0.01926659185845458,TIME_EXIT,0.08277257902613422,1.7902131387151548,1
AAL,2021-01-27,16.559999465942383,2021-01-28,18.100000381469727,199,306.4601821899414,0.09299522736667593,PROFIT_TARGET,0.06632322927761769,3.0503891988997145,1
AAL,2021-03-15,25.170000076293945,2021-03-16,24.46999931335449,131,-91.70009994506883,-0.02781091620252889,TIME_EXIT,0.07702178743779586,1.7624520784672328,1
AAL,2021-09-09,20.200000762939453,2021-09-10,18.950000762939453,163,-203.75,-0.06188118578160406,STOP_LOSS,0.055933175594032436,2.2323096173443084,1
AAL,2021-11-05,21.81999969482422,2021-11-08,22.25,151,64.93004608154297,0.019706705370751167,TIME_EXIT,0.05768301417678767,2.0484312523970956,3
AAL,2021-12-02,17.420000076293945,2021-12-03,16.6200008392334,189,-151.19985580444336,-0.045924181030815726,TIME_EXIT,0.07002452958024619,1.5296135709250942,1
AAL,2021-12-06,17.93000030517578,2021-12-07,17.889999389648438,184,-7.36016845703125,-0.002230948959649312,TIME_EXIT,0.0788206618407612,1.807647613074916,1
AAL,2022-03-08,13.510000228881836,2022-03-09,14.300000190734863,244,192.75999069213867,0.05847519973864665,PROFIT_TARGET,0.05218069068004705,1.823023451577075,1
AAL,2022-04-13,18.950000762939453,2022-04-14,19.0,174,8.699867248535156,0.0026384820605564545,TIME_EXIT,0.10624645016569878,2.383348345056565,1
AAL,2022-07-12,14.770000457763672,2022-07-13,14.3100004196167,223,-102.5800085067749,-0.031144212856485,TIME_EXIT,0.0997766286030144,1.8533073817915635,1
CCL,2020-02-28,33.459999084472656,2020-03-02,33.060001373291016,98,-39.19977569580078,-0.011954504546512744,TIME_EXIT,0.050549409221973596,2.3382959378014805,3
CCL,2020-03-10,24.020000457763672,2020-03-11,21.75,137,-310.99006271362305,-0.09450459677364283,STOP_LOSS,0.1048758376563792,2.529879355135217,1
CCL,2020-03-13,17.579999923706055,2020-03-16,14.56999969482422,187,-562.870042800903,-0.17121730614019784,STOP_LOSS,0.1743486713507767,2.3041333438105998,3
CCL,2020-03-19,10.0,2020-03-20,12.0,330,660.0,0.2,PROFIT_TARGET,0.07526879515147877,1.5557041154875895,1
CCL,2020-03-24,13.68000030517578,2020-03-25,15.550000190734863,241,450.6699724197392,0.1366958950177491,PROFIT_TARGET,0.14000002543131496,1.5570454303505354,1
CCL,2020-03-26,17.81999969482422,2020-03-27,14.40999984741211,185,-630.8499717712402,-0.19135801940572067,STOP_LOSS,0.14598067371355317,2.0394990129171036,1
CCL,2020-04-03,8.489999771118164,2020-04-06,10.210000038146973,388,667.3601036071777,0.2025913207771828,PROFIT_TARGET,0.06524466682752683,1.5541072259325521,3
CCL,2020-04-07,11.300000190734863,2020-04-08,11.989999771118164,292,201.47987747192383,0.06106190873775805,PROFIT_TARGET,0.10675809485948995,1.9488463086848435,1
CCL,2020-06-04,18.479999542236328,2020-06-05,21.51000022888184,178,539.3401222229011,0.16396108017862215,PROFIT_TARGET,0.0713043212890625,1.659839247504409,1
CCL,2020-06-08,24.90999984741211,2020-06-09,23.040000915527344,132,-246.83985900878906,-0.0750702104913517,STOP_LOSS,0.1580659963901363,1.823493461288362,1
CCL,2020-07-15,17.479999542236328,2020-07-16,15.779999732971191,188,-319.5999641418457,-0.09725399621192696,STOP_LOSS,0.1622340150646302,1.7457243809957075,1
CCL,2020-08-24,16.139999389648438,2020-08-25,15.890000343322754,204,-50.99980545043945,-0.015489408660450333,TIME_EXIT,0.1017064716666285,1.746570343577839,1
CCL,2020-09-03,17.579999923706055,2020-09-04,18.530000686645508,187,177.65014266967773,0.054038723951210496,PROFIT_TARGET,0.052064685032916946,2.5518925386504754,1
CCL,2020-10-30,13.710000038146973,2020-11-02,13.550000190734863,240,-38.39996337890625,-0.011670302477529006,TIME_EXIT,0.05624040998886448,2.116904534985362,3
CCL,2020-11-09,19.25,2020-11-10,16.729999542236328,171,-430.9200782775879,-0.13090911468902192,STOP_LOSS,0.39290885854428703,4.3932469324444305,1
CCL,2020-11-13,16.010000228881836,2020-11-16,17.56999969482422,206,321.35988998413086,0.0974390658113898,PROFIT_TARGET,0.07233756876291908,2.8624643382587256,3
CCL,2021-02-16,22.46999931335449,2021-02-17,23.200000762939453,146,106.58021163940481,0.032487826964512016,PROFIT_TARGET,0.09077664549787468,1.623771250408981,1
CCL,2021-02-22,25.96999931335449,2021-02-23,26.459999084472656,127,62.22997093200729,0.018867916213852046,TIME_EXIT,0.05612033965853258,2.1396639164647917,1
CCL,2021-07-20,21.190000534057617,2021-07-21,23.190000534057617,155,310.0,0.09438414108510762,PROFIT_TARGET,0.074543675045041,1.9472069181354166,1
CCL,2021-11-05,24.790000915527344,2021-11-08,24.59000015258789,133,-26.600101470947266,-0.008067799739941987,TIME_EXIT,0.08347910073510456,2.3479646813319435,3
CCL,2021-12-02,17.889999389648438,2021-12-03,17.200000762939453,184,-126.95974731445312,-0.03856895753211894,TIME_EXIT,0.09218561088199517,1.8296484544487939,1
CCL,2021-12-06,18.59000015258789,2021-12-07,18.5,177,-15.93002700805664,-0.004841320701945331,TIME_EXIT,0.08081391441815788,1.7585137228445116,1
CCL,2022-06-24,10.850000381469728,2022-06-27,10.550000190734863,304,-91.20005798339898,-0.027649786192378675,TIME_EXIT,0.12435241558301957,1.693250293667504,3
CCL,2022-10-04,7.760000228881836,2022-10-05,7.429999828338623,425,-140.25017023086548,-0.04252582355796705,TIME_EXIT,0.13284676451365285,1.7509954501347964,1
CCL,2022-11-15,11.15999984741211,2022-11-16,9.630000114440918,295,-451.34992122650146,-0.13709675214072542,STOP_LOSS,0.0528301363952155,1.7981743172697786,1
RCL,2017-01-26,87.35973358154297,2017-01-27,86.37324523925781,37,-36.50006866455078,-0.011292254472872817,TIME_EXIT,0.09090885705858187,3.9671803853802587,1
RCL,2017-04-28,97.85417175292967,2017-05-01,99.5156707763672,33,54.82946777343844,0.01697933765800623,TIME_EXIT,0.06069640583059832,3.9030818376916194,3
RCL,2018-06-14,106.82594299316406,2018-06-15,107.7765655517578,30,28.518676757812074,0.008898798662180473,TIME_EXIT,0.05112042194686417,2.4572102993954283,1
RCL,2020-03-10,50.95094680786133,2020-03-11,43.752540588378906,64,-460.697998046875,-0.1412811080160686,STOP_LOSS,0.07043702314547673,3.3546762577989258,1
RCL,2020-03-13,31.880088806152344,2020-03-16,29.52334976196289,103,-242.74412155151367,-0.07392510913378135,STOP_LOSS,0.06805402167898755,2.1944415943417055,3
RCL,2020-03-25,41.8198127746582,2020-03-26,40.04486083984375,78,-138.44625091552734,-0.04244284746989664,TIME_EXIT,0.23034511752392395,1.6320514024406494,1
RCL,2020-04-07,33.08311462402344,2020-04-08,37.03730773925781,99,391.4651184082031,0.11952300018218423,PROFIT_TARGET,0.13306320673634153,1.8535151631624918,1
RCL,2020-04-09,39.66029357910156,2020-04-13,32.905616760253906,83,-560.6381759643555,-0.17031333379758284,STOP_LOSS,0.07082010005450545,1.6129135774220282,4
RCL,2020-05-18,43.09186172485352,2020-05-19,41.56343460083008,76,-116.16046142578179,-0.035469043639437696,TIME_EXIT,0.16688922350749813,1.5434085290863668,1
RCL,2020-05-27,53.53448867797852,2020-05-28,50.98053359985352,61,-155.791259765625,-0.04770672404265575,TIME_EXIT,0.09543979967309513,1.522111049230605,1
RCL,2020-06-05,68.47366333007812,2020-06-08,74.07461547851562,48,268.845703125,0.08179717392127893,PROFIT_TARGET,0.20367492496796835,2.6462305037689027,3
RCL,2020-07-15,57.54785537719727,2020-07-16,53.189361572265625,57,-248.4341468811039,-0.0757368589387721,STOP_LOSS,0.2120457989262916,1.844293506981152,1
RCL,2020-08-10,56.51246643066406,2020-08-11,57.8535385131836,58,77.78218078613322,0.023730553048236153,TIME_EXIT,0.10000008167727104,1.857304302249975,1
RCL,2020-11-09,74.38029479980469,2020-11-10,72.70396423339844,44,-73.758544921875,-0.02253729392869591,TIME_EXIT,0.2878605621571524,2.936809488238436,1
RCL,2021-02-16,73.16741943359375,2021-02-17,74.06475067138672,45,40.379905700683594,0.012264082083793874,TIME_EXIT,0.09714620947321939,2.3003452145384147,1
RCL,2021-02-22,85.03001403808594,2021-02-23,88.79684448242188,38,143.13955688476562,0.04430000967245201,PROFIT_TARGET,0.09331820516573419,2.989257107701045,1
RCL,2021-02-24,95.31486511230467,2021-02-25,90.35486602783205,34,-168.63996887206935,-0.05203804336950498,STOP_LOSS,0.07340374162927721,1.8017407528815896,1
RCL,2021-07-20,73.84781646728516,2021-07-21,77.80201721191406,44,173.98483276367188,0.05354526286340005,PROFIT_TARGET,0.07739892144135374,1.6489443051956327,1
RCL,2021-11-05,95.32472229003906,2021-11-08,92.40591430664062,34,-99.23947143554688,-0.030619632696306714,TIME_EXIT,0.08948486480934115,3.6136288966623504,3
RCL,2021-12-06,71.24455261230469,2021-12-07,70.6430435180664,46,-27.669418334960938,-0.008442878398177972,TIME_EXIT,0.08223469959655083,1.669624534390822,1
RCL,2022-02-07,80.81942749023438,2022-02-08,85.07931518554688,40,170.3955078125,0.052708709125998614,PROFIT_TARGET,0.08441374642309207,1.5797232816267894,1
RCL,2022-06-17,36.78092575073242,2022-06-21,36.514678955078125,89,-23.695964813232422,-0.00723871926059379,TIME_EXIT,0.06086469630421987,2.021738889301289,4
RCL,2022-06-24,41.178855895996094,2022-06-27,39.76876449584961,80,-112.80731201171875,-0.03424309319588431,TIME_EXIT,0.15774871784476718,1.963935387484834,3
RCL,2022-10-04,43.239776611328125,2022-10-05,42.86506652832031,76,-28.47796630859375,-0.008665865376132505,TIME_EXIT,0.16653368479106878,1.6604130017478627,1
RCL,2022-11-03,53.021732330322266,2022-11-04,53.93878555297852,62,56.85729980468794,0.01729579895547489,TIME_EXIT,0.08276291434332039,1.9900015926300527,1
F,2018-02-06,7.195944786071777,2018-02-07,7.195944786071777,458,0.0,0.0,TIME_EXIT,0.050781297598436304,2.1130144370644133,1
F,2018-10-25,6.28953742980957,2018-10-26,6.2825422286987305,524,-3.665485382080078,-0.0011121964355734247,TIME_EXIT,0.09902182918118085,1.7866992307341867,1
F,2020-03-25,4.089669227600098,2020-03-26,3.983443737030029,806,-85.61774539947545,-0.02597410319963801,TIME_EXIT,0.0888890482937168,1.7427524160072905,1
F,2020-05-18,4.028970241546631,2020-05-19,4.021381855010986,819,-6.214888572692871,-0.0018834555930429312,TIME_EXIT,0.08367353521662624,1.5378920132177816,1
F,2020-06-05,5.569234848022461,2020-06-08,5.713398456573486,592,85.34485626220703,0.02588571185900257,TIME_EXIT,0.11719939029843718,2.139197933803018,3
F,2020-10-12,5.81962251663208,2020-10-13,5.88791036605835,567,38.719210624694824,0.011734068529549392,TIME_EXIT,0.05793093691984863,1.6293313635392517,1
F,2020-11-09,6.221759796142578,2020-11-10,6.358335494995117,530,72.3851203918457,0.021951297273998666,TIME_EXIT,0.052631256251723935,1.6461786789672053,1
F,2021-01-12,7.420587062835693,2021-01-13,7.420587062835693,444,0.0,0.0,TIME_EXIT,0.05161276109979274,1.9596436674651514,1
F,2021-01-20,8.240039825439453,2021-01-21,8.748401641845703,400,203.3447265625,0.06169409701598601,PROFIT_TARGET,0.08383245551051455,1.724583373706604,1
F,2021-05-21,10.11415672302246,2021-05-24,9.909294128417969,326,-66.78520584106387,-0.020255034622725362,TIME_EXIT,0.06725378330267873,2.622186440633734,3
F,2021-05-26,10.546643257141112,2021-05-27,11.290221214294434,312,231.9963226318365,0.07050375546265367,PROFIT_TARGET,0.08508975500169536,2.4811657031021945,1
F,2021-06-03,12.13243293762207,2021-06-04,12.11725902557373,271,-4.112130165100098,-0.0012506899585891216,TIME_EXIT,0.07243451266096712,1.7171057164829875,1
F,2021-10-28,12.79254913330078,2021-10-29,12.959473609924316,257,42.89959049224899,0.013048570295423714,TIME_EXIT,0.08704083651988315,2.7451807663787364,1
F,2021-11-01,13.619588851928713,2021-11-02,13.66511344909668,242,11.016952514648008,0.003342582339519015,TIME_EXIT,0.05093688693488918,1.505632424763459,1
F,2021-12-10,16.357168197631836,2021-12-13,15.579340934753418,201,-156.343279838562,-0.04755268476061954,TIME_EXIT,0.09606550984547546,1.8708435045449148,3
F,2022-01-04,18.53811836242676,2022-01-05,18.04244804382324,178,-88.22931671142705,-0.026737898038678626,TIME_EXIT,0.11667415764417521,3.3788481067561142,1
F,2022-07-28,10.802292823791504,2022-07-29,11.334692001342772,305,162.38174915313667,0.04928575685142375,PROFIT_TARGET,0.061410327939178,2.377260431988903,1
GEVO,2017-01-04,76.0,2017-01-05,76.0,43,0.0,0.0,TIME_EXIT,0.11764705882352944,2.1843177413187655,1
GEVO,2017-01-06,81.0,2017-01-09,81.80000305175781,40,32.0001220703125,0.00987658088589892,TIME_EXIT,0.06578947368421062,8.046241519113025,3
GEVO,2017-02-23,23.799999237060547,2017-02-24,21.799999237060547,138,-276.0,-0.08403361613918324,STOP_LOSS,0.12264143304495789,2.4344433054462487,1
GEVO,2017-03-16,21.0,2017-03-17,20.399999618530277,157,-94.20005989074652,-0.028571446736653478,TIME_EXIT,0.1290322349090527,3.608550663391897,1
GEVO,2017-03-24,22.600000381469727,2017-03-27,25.600000381469727,146,438.0,0.1327433605912578,PROFIT_TARGET,0.07619049435570124,2.5082845234890607,3
GEVO,2017-04-20,22.600000381469727,2017-04-21,21.0,146,-233.60005569458008,-0.07079647586119532,STOP_LOSS,0.08653851973234761,2.9847720330354113,1
GEVO,2017-06-08,12.399999618530272,2017-06-09,13.0,266,159.60010147094775,0.048387129026447845,PROFIT_TARGET,0.06896544920278558,3.0753992819116007,1
GEVO,2017-06-29,14.600000381469728,2017-06-30,13.800000190734863,226,-180.8000431060795,-0.05479453218030204,STOP_LOSS,0.1406250128056854,2.7110497022535323,1
GEVO,2017-07-20,14.199999809265137,2017-07-21,13.800000190734863,232,-92.79991149902344,-0.02816898759880855,TIME_EXIT,0.18333331743876147,4.80312280627114,1
GEVO,2017-08-30,12.800000190734863,2017-08-31,13.0,257,51.39995098114014,0.015624984866008388,TIME_EXIT,0.08474576134203637,2.198139482010572,1
GEVO,2017-09-21,16.200000762939453,2017-09-22,14.800000190734863,203,-284.20011615753174,-0.08641978433774856,STOP_LOSS,0.3278689357549469,13.661936768732886,1
GEVO,2017-09-27,13.600000381469728,2017-09-28,12.600000381469728,242,-242.0,-0.07352940970226148,STOP_LOSS,0.0793650769622718,2.7373853543504945,1
GEVO,2017-10-06,14.199999809265137,2017-10-09,14.199999809265137,232,0.0,0.0,TIME_EXIT,0.07575757685224316,2.42763208713116,3
GEVO,2018-01-04,14.0,2018-01-05,12.800000190734863,235,-281.99995517730713,-0.0857142720903669,STOP_LOSS,0.14754100154721939,5.60544573897107,1
GEVO,2018-02-08,9.800000190734863,2018-02-09,9.399999618530272,336,-134.40019226074278,-0.04081638412443716,TIME_EXIT,0.13953485535311794,4.248050975881397,1
GEVO,2018-03-16,10.600000381469728,2018-03-19,10.199999809265137,311,-124.400177955628,-0.03773590168014033,TIME_EXIT,0.1521739783945082,11.217492755259494,3
GEVO,2018-05-22,6.400000095367432,2018-05-23,6.0,515,-206.0000491142273,-0.06250001396983841,STOP_LOSS,0.06666668256123853,1.6264030825933993,1
GEVO,2018-06-11,4.269999980926514,2018-06-12,4.25,772,-15.439985275268555,-0.00468383630347793,TIME_EXIT,0.2448979293937641,4.270961138890088,1
GEVO,2018-06-18,12.699999809265137,2018-06-19,19.5,259,1761.2000494003296,0.5354330939260332,PROFIT_TARGET,2.618233573724017,17.446846311763483,1
GEVO,2018-08-07,3.930000066757202,2018-08-08,4.210000038146973,839,234.91997599601746,0.07124681084822716,PROFIT_TARGET,0.05929919847658893,1.6216698249916397,1
GEVO,2018-08-16,3.140000104904175,2018-08-17,3.180000066757202,1050,41.99995994567871,0.012738840928875715,TIME_EXIT,0.1056338731695392,1.7456936023365883,1
GEVO,2018-08-21,3.950000047683716,2018-08-22,3.930000066757202,835,-16.699984073638916,-0.0050632862493866755,TIME_EXIT,0.18975907443033213,5.7936659657171985,1
GEVO,2018-09-07,4.170000076293945,2018-09-10,4.179999828338623,791,7.909803867340088,0.0023980220291902094,TIME_EXIT,0.07474225600501416,3.6394411710019297,3
GEVO,2018-09-11,4.769999980926514,2018-09-12,4.559999942779541,691,-145.1100263595581,-0.044025165406013846,TIME_EXIT,0.14114836765971628,2.206857447030098,1
GEVO,2018-10-08,4.400000095367432,2018-10-09,4.230000019073486,749,-127.33005714416504,-0.03863638013847567,TIME_EXIT,0.12531969278272825,6.589817151152743,1
GEVO,2018-12-26,1.9800000190734863,2018-12-27,2.109999895095825,1666,216.57979345321655,0.06565650240911135,PROFIT_TARGET,0.053191502178454586,1.6974400142716974,1
GEVO,2020-04-28,1.1799999475479126,2020-04-29,1.309999942779541,2796,363.47998666763306,0.11016949238156633,PROFIT_TARGET,0.3111110875635965,9.656609161770557,1
GEVO,2020-05-12,1.2000000476837158,2020-05-13,1.0299999713897705,2749,-467.33020973205566,-0.14166672461562457,STOP_LOSS,0.13207557779396217,1.5640657300024525,1
GEVO,2020-05-28,1.2699999809265137,2020-05-29,1.2899999618530271,2598,51.959950447081944,0.015748016714081128,TIME_EXIT,0.0762712181179539,1.575910899947552,1
GEVO,2020-06-01,1.3799999952316284,2020-06-02,1.3200000524520874,2391,-143.45986318588257,-0.04347821955569661,TIME_EXIT,0.06976746979846449,2.741481064088496,1
GEVO,2020-06-05,1.4800000190734863,2020-06-08,1.440000057220459,2229,-89.15991497039795,-0.027027000903735277,TIME_EXIT,0.1384615948919734,7.14445401403676,3
GEVO,2020-07-06,0.6600000262260437,2020-07-07,0.699999988079071,4999,199.9598093032837,0.0606060003993511,PROFIT_TARGET,0.34693880281762124,11.78616783488196,1
GEVO,2020-08-20,1.8200000524520876,2020-08-21,1.2300000190734863,1813,-1069.6700605154042,-0.3241758331730231,STOP_LOSS,2.3090909327357267,18.765857675369546,1
GEVO,2020-08-28,1.2000000476837158,2020-08-31,1.25,2749,137.4498689174652,0.041666625274553885,PROFIT_TARGET,0.10091744122626767,1.974065614760984,3
GEVO,2020-09-29,1.1100000143051147,2020-09-30,1.0,2972,-326.920042514801,-0.09909911070945099,STOP_LOSS,0.2471910473554222,1.501746652791929,1
GEVO,2020-10-07,1.2100000381469729,2020-10-08,1.0199999809265137,2727,-518.1301560401922,-0.15702483572763393,STOP_LOSS,0.23469389244597516,3.892490993962503,1
GEVO,2020-10-14,1.159999966621399,2020-10-15,1.2100000381469729,2844,142.20020341873231,0.043103511176128324,PROFIT_TARGET,0.0943396502264302,2.2549206595441356,1
GEVO,2020-11-19,1.2799999713897705,2020-11-20,1.350000023841858,2578,180.46013522148132,0.054687542200555106,PROFIT_TARGET,0.17431186439714064,4.561648731082794,1
GEVO,2020-11-23,2.130000114440918,2020-11-24,2.0999999046325684,1549,-46.470324993133545,-0.014084604787086624,TIME_EXIT,0.5777778346842688,5.476600364608796,1
GEVO,2020-12-21,2.859999895095825,2020-12-22,2.869999885559082,1153,11.529989004135132,0.003496500290228781,TIME_EXIT,0.19665262324768595,2.236202168490509,1
GEVO,2020-12-24,3.700000047683716,2020-12-28,4.820000171661377,891,997.9201104640961,0.3027027323091,PROFIT_TARGET,0.2714776421140599,4.56308201151612,4
GEVO,2021-01-13,6.989999771118164,2021-01-14,6.800000190734863,472,-89.67980194091797,-0.027181628984933037,TIME_EXIT,0.15346531965676213,1.7282304704616307,1
GEVO,2021-01-19,11.029999732971191,2021-01-20,8.670000076293945,299,-705.6398973464966,-0.2139618960844276,STOP_LOSS,0.7234374325955297,3.3210506751691584,1
GEVO,2021-01-25,13.239999771118164,2021-01-26,12.670000076293944,249,-141.92992401123092,-0.04305133721132097,TIME_EXIT,0.2597525673438328,1.7192382499713144,1
GEVO,2021-03-19,10.010000228881836,2021-03-22,10.0600004196167,329,16.45006275177002,0.004995023935224079,TIME_EXIT,0.18042461901383766,1.8326656737277656,3
GEVO,2021-05-14,5.900000095367432,2021-05-17,6.800000190734863,559,503.1000533103943,0.15254238657963662,PROFIT_TARGET,0.2394957587540687,2.654539800294308,3
GEVO,2021-08-24,5.960000038146973,2021-08-25,6.010000228881836,553,27.650105476379395,0.008389293693764618,TIME_EXIT,0.13740463711416684,2.4137724533822302,1
GEVO,2021-08-27,6.579999923706055,2021-08-30,6.079999923706055,501,-250.5,-0.07598784282635446,STOP_LOSS,0.09666665395100904,1.6240585762040236,3
GEVO,2021-09-09,7.940000057220459,2021-09-10,6.929999828338623,415,-419.1500949859619,-0.1272040581364183,STOP_LOSS,0.3713298980194375,11.048434548187062,1
GEVO,2021-10-29,7.230000019073486,2021-11-01,7.670000076293945,456,200.6400260925293,0.06085754578972247,PROFIT_TARGET,0.06794683005065805,2.209651849246103,3
GEVO,2021-12-07,5.550000190734863,2021-12-08,5.650000095367432,594,59.399943351745605,0.01801800021547884,TIME_EXIT,0.07766991999228168,4.376617685783921,1
GEVO,2021-12-17,5.139999866485596,2021-12-20,4.78000020980835,642,-231.119779586792,-0.07003884553082507,STOP_LOSS,0.06198341000822061,1.857630768416129,3
GEVO,2022-02-24,3.359999895095825,2022-02-25,3.1600000858306885,982,-196.39981269836426,-0.05952375461590092,STOP_LOSS,0.10891086693796015,1.5991310016272275,1
GEVO,2022-02-28,3.549999952316284,2022-03-01,3.5899999141693115,929,37.1599645614624,0.011267595039523421,TIME_EXIT,0.12341767591537067,1.5726100369501754,1
GEVO,2022-03-08,4.53000020980835,2022-03-09,4.53000020980835,728,0.0,0.0,TIME_EXIT,0.2869318847598372,3.058975853786521,1
GEVO,2022-11-11,2.4100000858306885,2022-11-14,2.369999885559082,1369,-54.760274171829224,-0.016597592882582415,TIME_EXIT,0.14218019225126022,1.6589187743833096,3
PLUG,2017-02-10,1.1799999475479126,2017-02-13,1.100000023841858,2796,-223.6797866821289,-0.06779654852722472,STOP_LOSS,0.3882351934703605,4.821345467707741,3
PLUG,2017-02-16,1.1399999856948853,2017-02-17,1.1100000143051147,2894,-86.81991720199585,-0.026315764707211,TIME_EXIT,0.05555550036607193,1.8709879120200237,1
PLUG,2017-03-23,1.2799999713897705,2017-03-24,1.3600000143051147,2578,206.24011063575745,0.06250003492459733,PROFIT_TARGET,0.06666660043928618,2.805718228382452,1
PLUG,2017-04-05,2.25,2017-04-06,2.140000104904175,1466,-161.25984621047974,-0.048888842264811196,TIME_EXIT,0.73076929425347,11.864573645758085,1
PLUG,2017-04-10,2.450000047683716,2017-04-11,2.640000104904175,1346,255.7400770187378,0.07755104225409679,PROFIT_TARGET,0.2068965922233026,2.8149505186767407,1
PLUG,2017-06-07,2.069999933242798,2017-06-08,2.140000104904175,1594,111.58027362823486,0.03381650913955193,PROFIT_TARGET,0.11290318135623134,2.285164495321873,1
PLUG,2017-06-16,2.2300000190734863,2017-06-19,2.25,1479,29.57997179031372,0.00896860123562833,TIME_EXIT,0.08780491265564216,2.371303471950994,3
PLUG,2017-07-21,2.440000057220459,2017-07-24,2.369999885559082,1352,-94.64023208618164,-0.028688594270410827,TIME_EXIT,0.15094348534692825,6.980531322391443,3
PLUG,2017-09-13,2.3499999046325684,2017-09-14,2.2300000190734863,1404,-168.47983932495117,-0.05106378316123569,STOP_LOSS,0.08294922673276472,4.485234969747135,1
PLUG,2017-09-18,2.470000028610229,2017-09-19,2.4100000858306885,1336,-80.1599235534662,-0.024291474528160294,TIME_EXIT,0.09777779049343516,3.4012554091968235,1
PLUG,2017-09-20,2.740000009536743,2017-09-21,2.470000028610229,1204,-325.079977035523,-0.09854013868130004,STOP_LOSS,0.1369294240470158,4.52044637270308,1
PLUG,2017-10-02,2.75,2017-10-03,2.789999961853028,1200,47.999954223633345,0.014545440673828286,TIME_EXIT,0.053639889092422566,1.5425326563780557,1
PLUG,2017-11-06,3.150000095367432,2017-11-07,3.059999942779541,1047,-94.23015975952195,-0.028571476147016748,TIME_EXIT,0.09756105260394654,1.724334252715396,1
PLUG,2017-12-01,2.509999990463257,2017-12-04,2.359999895095825,1314,-197.10012531280518,-0.05976099439735334,STOP_LOSS,0.059071777073587795,1.5340617162171113,3
PLUG,2018-02-07,1.9800000190734863,2018-02-08,1.7200000286102295,1666,-433.1599841117859,-0.13131312523164532,STOP_LOSS,0.07608694736696164,1.7402274670997138,1
PLUG,2018-02-21,1.9900000095367432,2018-02-22,1.8799999952316284,1658,-182.38002371788025,-0.055276388833144736,STOP_LOSS,0.12429380281409363,2.4204981527827436,1
PLUG,2018-05-09,2.0,2018-05-10,2.0199999809265137,1650,32.99996852874756,0.009999990463256836,TIME_EXIT,0.08695650202114802,1.69072309985742,1
PLUG,2018-05-11,2.1600000858306885,2018-05-14,2.190000057220459,1527,45.809956312179565,0.013888875091517962,TIME_EXIT,0.06930698328024776,1.8145917686818251,3
PLUG,2018-07-12,2.180000066757202,2018-07-13,2.049999952316284,1513,-196.6901731491089,-0.05963307819265161,STOP_LOSS,0.05825248898587154,2.080471195644111,1
PLUG,2018-08-16,1.9700000286102293,2018-08-17,1.9700000286102293,1675,0.0,0.0,TIME_EXIT,0.05913979218231891,2.0562632791558717,1
PLUG,2018-12-26,1.309999942779541,2018-12-27,1.2999999523162842,2519,-25.18997597694397,-0.007633580839735752,TIME_EXIT,0.28431369340772616,2.581692713618835,1
PLUG,2020-01-06,3.819999933242798,2020-01-07,3.809999942779541,863,-8.62999176979065,-0.002617798596338677,TIME_EXIT,0.18266251104808062,3.2172084476527814,1
PLUG,2020-01-08,4.079999923706055,2020-01-09,4.050000190734863,808,-24.239784240722656,-0.007352875865728263,TIME_EXIT,0.07086613779042161,2.451873440203697,1
PLUG,2020-02-18,4.849999904632568,2020-02-19,5.71999979019165,680,591.5999221801758,0.17938142323015002,PROFIT_TARGET,0.09728502735664346,2.5711821388696943,1
PLUG,2020-06-04,5.0,2020-06-05,4.880000114440918,660,-79.19992446899414,-0.023999977111816406,TIME_EXIT,0.19904074544854944,2.8938898300518217,1
PLUG,2020-06-10,5.659999847412109,2020-06-11,4.75,583,-530.5299110412598,-0.16077736253441482,STOP_LOSS,0.10980391240220744,2.745399211243577,1
PLUG,2020-06-23,6.429999828338623,2020-06-24,7.570000171661377,513,584.8201761245728,0.17729399280828692,PROFIT_TARGET,0.15439849733805877,3.6766134776276482,1
PLUG,2020-06-29,7.989999771118164,2020-06-30,8.210000038146973,413,90.86011028289795,0.027534452231657642,TIME_EXIT,0.16983892538357126,1.7936838371613253,1
PLUG,2020-07-01,8.869999885559082,2020-07-02,9.100000381469728,372,85.56018447876042,0.025930157708919658,TIME_EXIT,0.0803897496157715,1.8806367781790048,1
PLUG,2020-07-06,9.979999542236328,2020-07-07,9.34000015258789,330,-211.19979858398438,-0.06412819829699369,STOP_LOSS,0.09670320042607217,1.7405890850752943,1
PLUG,2020-08-06,10.729999542236328,2020-08-07,11.279999732971191,307,168.85005855560303,0.05125817466905811,PROFIT_TARGET,0.15005355090872974,3.321815782019976,1
PLUG,2020-08-19,13.649999618530272,2020-08-20,13.670000076293944,241,4.820110321044922,0.001465235041949794,TIME_EXIT,0.06891144316534414,1.9297865409056527,1
PLUG,2020-09-28,13.199999809265137,2020-09-29,13.15999984741211,250,-9.999990463256836,-0.0030303001841675177,TIME_EXIT,0.13304723102904337,1.509758901546432,1
PLUG,2020-10-05,15.739999771118164,2020-10-06,16.229999542236328,209,102.40995216369629,0.03113086265841506,PROFIT_TARGET,0.11315412934561686,1.8422435156881323,1
PLUG,2020-10-07,18.229999542236328,2020-10-08,17.8799991607666,181,-63.35006904602051,-0.019199143733318547,TIME_EXIT,0.12322859250829166,2.0552090159464984,1
PLUG,2020-11-03,16.950000762939453,2020-11-04,16.610000610351562,194,-65.96002960205078,-0.020059005149503494,TIME_EXIT,0.09566906725043611,1.9824386492170092,1
PLUG,2020-11-09,20.309999465942383,2020-11-10,20.01000022888184,162,-48.59987640380802,-0.014771011568149412,TIME_EXIT,0.07688222739478445,2.0182376549109975,1
PLUG,2020-11-11,23.0,2020-11-12,23.450000762939453,143,64.3501091003418,0.01956525056258492,TIME_EXIT,0.14942527420876717,1.939120568783371,1
PLUG,2020-12-08,28.739999771118164,2020-12-09,26.739999771118164,114,-228.0,-0.06958942296199565,STOP_LOSS,0.16121211196437035,1.7493407693300211,1
PLUG,2020-12-22,35.689998626708984,2020-12-23,36.13999938964844,92,41.40007019042969,0.01260859569220298,TIME_EXIT,0.10256409652068244,1.5333018376022516,1
PLUG,2021-01-07,47.290000915527344,2021-01-08,53.77999877929688,69,447.80985260009817,0.13723826893897548,PROFIT_TARGET,0.35114288330078125,2.778688993047936,1
PLUG,2021-01-12,66.0199966430664,2021-01-13,69.5,49,170.5201644897461,0.05271135313362778,PROFIT_TARGET,0.22327209838455309,2.4767041414421773,1
PLUG,2021-02-26,48.380001068115234,2021-03-01,52.459999084472656,68,277.4398651123047,0.08433232588426581,PROFIT_TARGET,0.11628982228386997,1.9604907687215027,3
PLUG,2021-05-11,23.600000381469727,2021-05-12,22.239999771118164,139,-189.0400848388672,-0.05762714357493864,STOP_LOSS,0.17588444147091087,2.098732791237815,1
PLUG,2021-05-14,24.57999992370605,2021-05-17,24.940000534057617,134,48.24008178710985,0.014646078578884184,TIME_EXIT,0.1193078756130701,2.023723230368835,3
PLUG,2021-06-22,34.02000045776367,2021-06-23,33.81999969482422,97,-19.400074005126953,-0.005878917114882376,TIME_EXIT,0.13969849323293793,2.4647246072800764,1
PLUG,2021-08-09,28.18000030517578,2021-08-10,29.100000381469727,117,107.6400089263916,0.03264726991947442,PROFIT_TARGET,0.08803091583886613,2.217043111797458,1
PLUG,2021-09-17,26.46999931335449,2021-09-20,25.71999931335449,124,-93.0,-0.02833396371195274,TIME_EXIT,0.060072088155715964,1.6102681338387146,3
PLUG,2021-10-12,29.780000686645508,2021-10-13,33.59000015258789,110,419.0999412536621,0.1279381926828139,PROFIT_TARGET,0.07703439773965726,1.7481412737285358,1
PLUG,2021-10-28,37.11000061035156,2021-10-29,38.27000045776367,88,102.07998657226562,0.031258416284922826,PROFIT_TARGET,0.07846558485650545,1.7525583389354062,1
PLUG,2022-02-28,25.290000915527344,2022-03-01,24.850000381469727,130,-57.200069427490234,-0.017398201586757134,TIME_EXIT,0.11952194531659366,1.9992648364261048,1
PLUG,2022-03-08,25.57999992370605,2022-03-09,26.190000534057617,129,78.69007873535202,0.02384677920918417,TIME_EXIT,0.10068847571573358,1.7273614826948587,1
PLUG,2022-04-19,28.049999237060547,2022-04-20,26.6299991607666,117,-166.1400089263916,-0.05062389001486304,STOP_LOSS,0.09784736104311587,2.3049735426904494,1
PLUG,2022-07-28,21.6299991607666,2022-07-29,21.34000015258789,152,-44.07984924316406,-0.013407259335669476,TIME_EXIT,0.25902204752872904,3.6710900627449634,1
PLUG,2022-08-10,28.780000686645508,2022-08-11,27.739999771118164,114,-118.56010437011719,-0.036136236647482944,TIME_EXIT,0.16659913245403546,2.055021257386705,1
PLUG,2022-08-25,30.0,2022-08-26,28.940000534057617,110,-116.59994125366211,-0.03533331553141276,TIME_EXIT,0.09011626093693237,2.308077158905688,1
PLUG,2022-11-10,17.010000228881836,2022-11-11,17.889999389648438,194,170.7198371887207,0.05173422392272648,PROFIT_TARGET,0.16427109025342856,1.6277615287047762,1
PLUG,2022-12-14,15.210000038146973,2022-12-15,14.420000076293944,216,-170.6399917602543,-0.0519395108396906,STOP_LOSS,0.07795892333343724,1.891630316155598,1
FCEL,2017-02-10,540.0,2017-02-13,594.0,6,324.0,0.1,PROFIT_TARGET,0.19999999999999996,2.3344200172754883,3
FCEL,2017-03-30,514.7999877929688,2017-03-31,496.7999877929688,6,-107.99999999999966,-0.03496503579413215,TIME_EXIT,0.05925923414191092,2.34106412005457,1
FCEL,2017-04-05,522.0,2017-04-06,540.0,6,108.0,0.034482758620689655,PROFIT_TARGET,0.050724663498850076,3.4052978987115554,1
FCEL,2017-04-07,576.0,2017-04-10,630.0,5,270.0,0.09375,PROFIT_TARGET,0.06666666666666665,2.497863140429383,3
FCEL,2017-04-11,684.0,2017-04-12,594.0,4,-360.0,-0.13157894736842105,STOP_LOSS,0.08571428571428563,3.299988545683632,1
FCEL,2017-06-22,453.6000061035156,2017-06-23,432.0,7,-151.20004272460938,-0.047619060434021046,TIME_EXIT,0.07692306020294892,2.1119504869391097,1
FCEL,2017-07-26,572.4000244140625,2017-07-27,558.0,5,-72.0001220703125,-0.02515727428349272,TIME_EXIT,0.07432439476046171,6.692026250072594,1
FCEL,2017-09-19,561.5999755859375,2017-09-20,594.0,5,162.0001220703125,0.05769235367266244,PROFIT_TARGET,0.061224419182800194,2.2156402383962432,1
FCEL,2017-09-22,626.4000244140625,2017-09-25,648.0,5,107.9998779296875,0.034482718301523406,PROFIT_TARGET,0.05454549564656985,1.8583997832769932,3
FCEL,2017-10-04,799.2000122070312,2017-10-05,813.5999755859375,4,57.599853515625,0.018017971920621,TIME_EXIT,0.17460315039711416,5.4047681986725635,1
FCEL,2017-12-07,720.0,2017-12-08,727.2000122070312,4,28.800048828125,0.010000016954210069,TIME_EXIT,0.09890107842747287,2.1026671878199044,1
FCEL,2018-01-10,666.0,2018-01-11,723.5999755859375,4,230.39990234375,0.08648644982873499,PROFIT_TARGET,0.06321834936545456,3.8110270115148692,1
FCEL,2018-03-08,648.0,2018-03-09,655.2000122070312,5,36.00006103515625,0.011111129949122299,TIME_EXIT,0.052631620693655234,2.419683834778174,1
FCEL,2018-04-10,705.5999755859375,2018-04-11,752.4000244140625,4,187.2001953125,0.0663266021080312,PROFIT_TARGET,0.05376344282046608,2.8619176937539166,1
FCEL,2018-06-22,522.0,2018-06-25,500.3999938964844,6,-129.60003662109375,-0.04137932203738626,TIME_EXIT,0.058394134387975694,7.048133298410332,3
FCEL,2018-07-18,522.0,2018-07-19,514.7999877929688,6,-43.2000732421875,-0.0137931268333932,TIME_EXIT,0.09022559170513333,1.681254035440132,1
FCEL,2018-09-05,432.0,2018-09-06,414.0,7,-126.0,-0.041666666666666664,TIME_EXIT,0.05263159460222555,1.5843013023583246,1
FCEL,2018-10-25,313.20001220703125,2018-10-26,306.0,10,-72.0001220703125,-0.022988543826339008,TIME_EXIT,0.10126588934115621,2.6252733153833647,1
FCEL,2018-12-21,190.8000030517578,2018-12-24,187.1999969482422,17,-61.200103759765625,-0.01886795621559325,TIME_EXIT,0.1041666648270172,1.531166505182184,3
FCEL,2018-12-26,208.8000030517578,2018-12-27,198.0,15,-162.0000457763672,-0.05172415179074822,STOP_LOSS,0.1153846498698805,1.7959697388401714,1
FCEL,2020-02-10,61.79999923706055,2020-02-11,60.900001525878906,53,-47.69987869262695,-0.01456306994000617,TIME_EXIT,0.19075139537799823,1.5860461847276004,1
FCEL,2020-02-18,73.80000305175781,2020-02-19,83.69999694824219,44,435.5997314453125,0.134146253212771,PROFIT_TARGET,0.18269232767808563,1.7177254176322971,1
FCEL,2020-04-27,71.4000015258789,2020-04-28,64.19999694824219,46,-331.20021057128906,-0.10084039809196754,STOP_LOSS,0.13875599134094152,3.2217728900193356,1
FCEL,2020-05-26,65.0999984741211,2020-05-27,65.0999984741211,50,0.0,0.0,TIME_EXIT,0.09595954211817426,1.5339720870525835,1
FCEL,2020-06-03,72.5999984741211,2020-06-04,76.19999694824219,45,161.99993133544922,0.049586756884083746,PROFIT_TARGET,0.052173890929291256,1.7711995728619796,1
FCEL,2020-06-10,101.0999984741211,2020-06-11,76.5,32,-787.199951171875,-0.24332343071615414,STOP_LOSS,0.2911876696517117,4.761468327338035,1
FCEL,2020-06-12,81.9000015258789,2020-06-15,76.19999694824219,40,-228.00018310546875,-0.0695971241934058,STOP_LOSS,0.07058825524024703,2.7861515874414975,3
FCEL,2020-07-06,86.0999984741211,2020-07-07,84.9000015258789,38,-45.599884033203125,-0.01393724703262182,TIME_EXIT,0.13888889169216445,1.5573595576345627,1
FCEL,2020-08-18,91.8000030517578,2020-08-19,95.0999984741211,35,115.49983978271534,0.03594766135794923,PROFIT_TARGET,0.07746486314459644,1.9084733825339082,1
FCEL,2020-10-07,64.80000305175781,2020-10-08,71.4000015258789,50,329.9999237060547,0.1018518235076234,PROFIT_TARGET,0.12500008278423125,1.5823479064458248,1
FCEL,2020-10-09,78.5999984741211,2020-10-12,76.19999694824219,41,-98.40006256103516,-0.030534371151026196,TIME_EXIT,0.10084029123770466,2.3518132905699876,3
FCEL,2020-11-09,75.5999984741211,2020-11-10,72.9000015258789,43,-116.09986877441406,-0.035714246067960344,TIME_EXIT,0.054393329035901994,1.9664680216363613,1
FCEL,2020-11-11,80.69999694824219,2020-11-12,76.80000305175781,40,-155.999755859375,-0.04832706374184473,TIME_EXIT,0.10699581974074923,2.5117429755505563,1
FCEL,2020-11-13,85.5,2020-11-16,112.5,38,1026.0,0.3157894736842105,PROFIT_TARGET,0.11328120576217948,2.9090841358951196,3
FCEL,2020-11-17,123.5999984741211,2020-11-18,153.0,26,764.4000396728516,0.23786409295170477,PROFIT_TARGET,0.0986666531032987,5.535480247454745,1
FCEL,2020-11-19,160.8000030517578,2020-11-20,166.1999969482422,20,107.9998779296875,0.033582050957711995,PROFIT_TARGET,0.0509804121029922,4.384567410175199,1
FCEL,2020-11-23,256.5,2020-11-24,230.1000061035156,12,-316.79992675781284,-0.1029239528128047,STOP_LOSS,0.5433213279773943,3.737047135557153,1
FCEL,2020-12-23,402.6000061035156,2020-12-24,369.0,8,-268.800048828125,-0.0834575399754874,STOP_LOSS,0.24837211194888575,2.4015811416279846,1
FCEL,2021-01-07,449.7000122070313,2021-01-08,459.6000061035156,7,69.29995727539023,0.022014662280966525,TIME_EXIT,0.2186992200732556,1.6686417507142288,1
FCEL,2021-01-26,649.2000122070312,2021-01-27,647.0999755859375,5,-10.50018310546875,-0.003234806810853916,TIME_EXIT,0.1988919893019967,1.544715790517695,1
FCEL,2021-03-10,488.3999938964844,2021-03-11,550.7999877929688,6,374.39996337890625,0.12776411686383018,PROFIT_TARGET,0.0689428768237994,1.7432831645217057,1
FCEL,2021-04-21,278.70001220703125,2021-04-22,279.0,11,3.29986572265625,0.0010763824177585798,TIME_EXIT,0.08149010091287456,1.5613388621471762,1
FCEL,2021-06-07,345.6000061035156,2021-06-08,364.2000122070313,9,167.40005493164114,0.05381946115459421,PROFIT_TARGET,0.15315312654968083,1.736557092221895,1
FCEL,2021-08-09,216.6000061035156,2021-08-10,225.6000061035156,15,135.0,0.04155124536653428,PROFIT_TARGET,0.14060038475612346,2.6017479959834593,1
FCEL,2021-09-14,193.1999969482422,2021-09-15,184.1999969482422,17,-153.0,-0.046583851667508454,TIME_EXIT,0.14590741372585048,8.747860965461163,1
FCEL,2021-10-18,262.20001220703125,2021-10-19,257.70001220703125,12,-54.0,-0.017162470596861882,TIME_EXIT,0.18267936768733528,5.073601399223917,1
FCEL,2021-11-01,285.8999938964844,2021-11-02,282.8999938964844,11,-33.0,-0.010493179657381203,TIME_EXIT,0.19274091588001996,1.7578104901905558,1
FCEL,2021-11-08,324.29998779296875,2021-11-09,324.8999938964844,10,6.00006103515625,0.0018501576506338492,TIME_EXIT,0.20782118358647583,1.6209072834638516,1
FCEL,2022-02-28,180.0,2022-03-01,183.0,18,54.0,0.016666666666666666,TIME_EXIT,0.13636368015033762,1.990329735796467,1
FCEL,2022-03-07,177.60000610351562,2022-03-08,189.3000030517578,18,210.59994506835938,0.06587835893103938,PROFIT_TARGET,0.08823535186609299,1.5238329809600186,1
FCEL,2022-03-10,208.1999969482422,2022-03-11,201.3000030517578,15,-103.49990844726562,-0.033141181544780185,TIME_EXIT,0.0981012143774489,1.506686948395842,1
FCEL,2022-07-28,107.0999984741211,2022-07-29,107.6999969482422,30,17.99995422363324,0.005602226728939566,TIME_EXIT,0.05309736172978541,3.553355722381108,1
FCEL,2022-08-02,111.0,2022-08-03,112.8000030517578,29,52.20008850097615,0.016216243709529714,TIME_EXIT,0.07871718517014781,1.5302104835491284,1
FCEL,2022-11-10,105.3000030517578,2022-11-11,109.1999969482422,31,120.8998107910165,0.03703697800053672,PROFIT_TARGET,0.18983054295771518,2.0385830752980603,1
FCEL,2022-12-13,109.5,2022-12-14,111.5999984741211,30,62.99995422363281,0.019178068256813643,TIME_EXIT,0.05187321426542901,1.663613345248734,1
SBUX,2018-11-02,55.373294830322266,2018-11-05,55.511024475097656,59,8.126049041748047,0.0024872936529680774,TIME_EXIT,0.09704940115947713,3.0579728524640326,3
SBUX,2020-03-02,72.9793930053711,2020-03-03,69.6307373046875,45,-150.68950653076172,-0.045884948651698725,TIME_EXIT,0.05036334533558673,1.5715417006270758,1
SBUX,2020-03-10,66.3263931274414,2020-03-11,60.5061149597168,49,-285.19363021850586,-0.08775206811776064,STOP_LOSS,0.057038137732877914,1.701129143638434,1
SBUX,2020-03-13,61.94124221801758,2020-03-16,51.90413284301758,53,-531.966796875,-0.16204242949587452,STOP_LOSS,0.12592592746683673,1.5000288359173952,3
SBUX,2020-06-12,68.04646301269531,2020-06-15,68.56319427490234,48,24.8031005859375,0.007593800461173501,TIME_EXIT,0.0525009888969763,1.718591314945228,3
SBUX,2020-08-25,74.09561157226562,2020-08-26,73.81792449951172,44,-12.218231201171875,-0.0037476858191942634,TIME_EXIT,0.051347117451953306,2.29806753855163,1
SBUX,2020-11-09,85.88355255126953,2020-11-10,84.52460479736328,38,-51.6400146484375,-0.01582314323915519,TIME_EXIT,0.05769456271847906,2.156529043259368,1
SBUX,2022-03-16,80.37169647216797,2022-03-17,80.60157012939453,41,9.424819946289062,0.0028601319533695024,TIME_EXIT,0.051612100755710655,2.072702270962534,1
SBUX,2022-05-04,75.06629180908203,2022-05-05,71.24124908447266,43,-164.47683715820312,-0.050955530537430856,STOP_LOSS,0.09834490665157425,2.836454246693197,1
SBUX,2022-09-14,86.32514953613281,2022-09-15,85.87815856933594,38,-16.98565673828125,-0.005177992383433748,TIME_EXIT,0.055328003596476494,3.0553479204171854,1
SBUX,2022-11-04,85.54292297363281,2022-11-07,84.22986602783203,38,-49.89616394042969,-0.015349685282621326,TIME_EXIT,0.0847897856626556,2.4191584343147867,3
SIRI,2017-07-27,48.08823013305664,2017-07-28,47.92326736450195,68,-11.21746826171875,-0.0034304187968292343,TIME_EXIT,0.08163243767892014,3.429491723289351,1
SIRI,2020-04-23,45.21832656860352,2020-04-24,46.39719772338867,72,84.87872314453074,0.02607064976180865,TIME_EXIT,0.0633664787444903,2.1125638725486304,1
SIRI,2021-01-26,55.54486846923828,2021-01-27,58.25849533081055,59,160.10398483276367,0.04885468156388055,PROFIT_TARGET,0.08085834414692439,1.7821384339706334,1
SIRI,2021-06-08,60.42362594604492,2021-06-09,58.37827301025391,54,-110.44905853271446,-0.033850218416508135,TIME_EXIT,0.07424237985137738,2.677070806267724,1
SIRI,2021-07-27,57.18513870239258,2021-07-28,55.22499465942383,57,-111.72821044921875,-0.0342771581471523,TIME_EXIT,0.05172424437804346,2.7904754832472944,1
SIRI,2022-02-01,57.942378997802734,2022-02-02,57.25666427612305,56,-38.4000244140625,-0.011834424708479624,TIME_EXIT,0.06289330401403093,2.260685651820389,1
SIRI,2022-04-28,56.31829071044922,2022-04-29,53.55146408081055,58,-160.47594451904297,-0.04912838430881779,TIME_EXIT,0.0569514441719805,1.928237740429511,1
CAKE,2018-06-15,49.26017761230469,2018-06-18,48.613128662109375,66,-42.705230712890625,-0.0131353353064989,TIME_EXIT,0.054684791339883354,3.667892024567763,3
CAKE,2020-03-17,16.85178565979004,2020-03-18,18.77925109863281,195,375.85576057434014,0.11437751925850122,PROFIT_TARGET,0.10644561854716339,1.7192588640085373,1
CAKE,2020-05-27,21.22010040283203,2020-05-28,19.607879638671875,155,-249.89421844482422,-0.07597611385217524,STOP_LOSS,0.10610333903612479,1.6139145200104406,1
CAKE,2020-06-03,21.949657440185547,2020-06-04,23.61592102050781,150,249.9395370483393,0.07591296515050198,PROFIT_TARGET,0.1632458158621517,3.1988501512170924,1
CAKE,2020-06-05,25.39927673339844,2020-06-08,26.849374771118164,129,187.06264686584427,0.057092099627110086,PROFIT_TARGET,0.07551497616129321,1.6457637606450728,3
CAKE,2020-08-28,27.73204803466797,2020-08-31,26.59718894958496,118,-133.91337203979492,-0.0409222962423949,TIME_EXIT,0.08339216158776508,2.0734865812120513,3
CAKE,2020-10-19,29.09207534790039,2020-10-20,29.30824089050293,113,24.426706314086914,0.00743039264189655,TIME_EXIT,0.05971122039581078,1.9040271353265654,1
CAKE,2020-11-09,33.3162841796875,2020-11-10,33.982791900634766,99,65.9842643737793,0.02000546391525939,TIME_EXIT,0.19092078190352568,3.100139789045622,1
CAKE,2021-01-25,40.52175521850586,2021-01-26,41.350379943847656,81,67.11860275268555,0.020448885317864332,TIME_EXIT,0.062087070955981094,1.9186749394189546,1
CAKE,2021-01-27,44.9531135559082,2021-01-28,40.53976821899414,73,-322.17420959472656,-0.09817663311408192,STOP_LOSS,0.0871269772358303,4.276574323666006,1
CAKE,2021-04-29,56.92319869995117,2021-04-30,56.37378692626953,57,-31.316471099853516,-0.009651807808230424,TIME_EXIT,0.07082354901519095,2.5876077962215245,1
CAKE,2021-06-08,56.26569747924805,2021-06-09,55.49111175537109,58,-44.92597198486369,-0.013766571082899016,TIME_EXIT,0.0791154710982418,1.5807164592147234,1
CAKE,2021-07-20,45.14225387573242,2021-07-21,46.64640045166016,73,109.80270004272512,0.03332014790551565,PROFIT_TARGET,0.06729124645507056,1.6638620815295297,1
CAKE,2021-07-26,49.105262756347656,2021-07-27,49.54659652709961,67,29.56936264038086,0.008987504515387275,TIME_EXIT,0.052712798434160435,1.8682850980588854,1
CAKE,2021-09-23,42.41318893432617,2021-09-24,44.58383941650391,77,167.1400871276861,0.05117866721926617,PROFIT_TARGET,0.06731650084826701,1.6627363943219124,1
CAKE,2021-11-05,41.97184371948242,2021-11-08,40.620826721191406,78,-105.37932586669922,-0.03218865026088675,TIME_EXIT,0.07151036210998196,1.959169165833611,3
CAKE,2022-03-09,32.01028823852539,2022-03-10,31.55094337463379,103,-47.31252098083496,-0.014349913392493778,TIME_EXIT,0.06279892508084539,1.5939642395929936,1
CAKE,2022-08-10,29.759918212890625,2022-08-11,29.59503746032715,110,-18.136882781982422,-0.005540363094548352,TIME_EXIT,0.08444597908029983,1.7158851382968219,1
