symbol,entry_date,entry_price,entry_rsi,exit_date,exit_price,exit_rsi,exit_reason,shares,pnl,pnl_pct,hold_days
JBLU,2020-03-05 00:00:00-05:00,13.859999656677246,21.47825194937296,2020-03-09 00:00:00-04:00,13.399999618530272,19.964019367826936,STOP_LOSS,238,-109.48000907897992,-0.03318903676345786,3
JBLU,2020-03-09 00:00:00-04:00,13.399999618530272,19.964019367826936,2020-03-10 00:00:00-04:00,14.579999923706056,27.960520072573374,PROFIT_TARGET_8.8%,243,286.7400741577157,0.08805972677372424,1
JBLU,2020-03-12 00:00:00-04:00,11.489999771118164,19.277924243170332,2020-03-13 00:00:00-04:00,11.18000030517578,15.379263760718388,STOP_LOSS,292,-90.51984405517629,-0.02697993665079217,1
JBLU,2020-03-13 00:00:00-04:00,11.18000030517578,15.379263760718388,2020-03-16 00:00:00-04:00,10.609999656677246,12.267400564330728,STOP_LOSS,297,-169.2901926040644,-0.05098395643465695,3
JBLU,2020-03-16 00:00:00-04:00,10.609999656677246,12.267400564330728,2020-03-17 00:00:00-04:00,9.520000457763672,11.626386643127333,STOP_LOSS,308,-335.71975326538086,-0.10273319832085002,1
JBLU,2021-06-30 00:00:00-04:00,16.780000686645508,17.84388106371891,2021-07-06 00:00:00-04:00,16.56999969482422,25.346561129330567,MAX_HOLD_6d,188,-39.480186462402344,-0.012514957284144807,6
JBLU,2021-07-19 00:00:00-04:00,14.399999618530272,22.920552164326494,2021-07-20 00:00:00-04:00,15.350000381469728,34.54261294408229,PROFIT_TARGET_6.6%,218,207.10016632080155,0.06597227695179744,1
JBLU,2023-03-15 00:00:00-04:00,6.920000076293945,22.818815787073504,2023-03-20 00:00:00-04:00,6.809999942779541,20.454555658405766,MAX_HOLD_5d,464,-51.040061950683594,-0.01589597287595922,5
JBLU,2023-09-07 00:00:00-04:00,5.389999866485596,18.716589539778397,2023-09-08 00:00:00-04:00,5.179999828338623,17.500010728830944,STOP_LOSS,593,-124.53002262115479,-0.03896104700349418,1
JBLU,2023-09-15 00:00:00-04:00,4.96999979019165,17.56757714610478,2023-09-18 00:00:00-04:00,4.690000057220459,13.877555627913694,STOP_LOSS,635,-177.79983043670654,-0.056337976819189,3
AAL,2020-03-05 00:00:00-05:00,16.040000915527344,18.69631425856285,2020-03-09 00:00:00-04:00,14.75,15.451303377553486,STOP_LOSS,193,-248.97017669677734,-0.0804239926369688,3
AAL,2020-03-09 00:00:00-04:00,14.75,15.451303377553486,2020-03-10 00:00:00-04:00,17.0,23.8751175344446,PROFIT_TARGET_15.3%,204,459.0,0.15254237288135594,1
AAL,2020-03-10 00:00:00-04:00,17.0,23.8751175344446,2020-03-11 00:00:00-04:00,16.260000228881836,21.664402031503272,STOP_LOSS,186,-137.63995742797852,-0.04352939830106847,1
AAL,2020-03-11 00:00:00-04:00,16.260000228881836,21.664402031503272,2020-03-12 00:00:00-04:00,13.449999809265137,15.668201881227489,STOP_LOSS,192,-539.5200805664062,-0.17281675154133358,1
AAL,2020-03-12 00:00:00-04:00,13.449999809265137,15.668201881227489,2020-03-13 00:00:00-04:00,14.3100004196167,16.473033198192567,PROFIT_TARGET_6.4%,219,188.3401336669922,0.06394056673213812,1
AAL,2020-03-13 00:00:00-04:00,14.3100004196167,16.473033198192567,2020-03-16 00:00:00-04:00,15.920000076293944,22.029216241663548,PROFIT_TARGET_11.3%,210,338.0999279022213,0.112508707859309,3
AAL,2020-03-16 00:00:00-04:00,15.920000076293944,22.029216241663548,2020-03-17 00:00:00-04:00,15.579999923706056,22.518160989752204,STOP_LOSS,195,-66.30002975463798,-0.021356793401915396,1
AAL,2020-03-18 00:00:00-04:00,11.649999618530272,19.82942651099252,2020-03-19 00:00:00-04:00,10.289999961853027,19.109590922405843,STOP_LOSS,265,-360.39990901946976,-0.11673817177762429,1
AAL,2020-03-19 00:00:00-04:00,10.289999961853027,19.109590922405843,2020-03-24 00:00:00-04:00,13.920000076293944,30.68676749990638,PROFIT_TARGET_35.3%,289,1049.0700330734248,0.35276969172964157,5
AAL,2023-09-13 00:00:00-04:00,13.3100004196167,16.09498196070456,2023-09-18 00:00:00-04:00,13.109999656677246,20.245392670984103,MAX_HOLD_5d,249,-49.80018997192383,-0.015026352865074722,5
CCL,2020-02-26 00:00:00-05:00,33.13999938964844,24.497030727959427,2020-02-27 00:00:00-05:00,31.850000381469727,19.092349077590228,STOP_LOSS,99,-127.70990180969238,-0.038925740251572034,1
CCL,2020-02-27 00:00:00-05:00,31.850000381469727,19.092349077590228,2020-02-28 00:00:00-05:00,33.459999084472656,24.42179361540974,PROFIT_TARGET_5.1%,102,164.21986770629883,0.05054940922197364,1
CCL,2020-02-28 00:00:00-05:00,33.459999084472656,24.42179361540974,2020-03-03 00:00:00-05:00,31.82999992370605,25.800095449621878,STOP_LOSS,99,-161.3699169158939,-0.04871485969415395,4
CCL,2020-03-05 00:00:00-05:00,27.8700008392334,21.648679556220557,2020-03-06 00:00:00-05:00,27.149999618530277,19.401966804986913,STOP_LOSS,117,-84.24014282226521,-0.025834273377184656,1
CCL,2020-03-06 00:00:00-05:00,27.149999618530277,19.401966804986913,2020-03-09 00:00:00-04:00,21.739999771118164,16.336162540013916,STOP_LOSS,119,-643.7899818420415,-0.19926334892909936,2
CCL,2020-03-09 00:00:00-04:00,21.739999771118164,16.336162540013916,2020-03-10 00:00:00-04:00,24.020000457763672,22.949127267972415,PROFIT_TARGET_10.5%,139,316.9200954437256,0.10487583765637912,1
CCL,2020-03-10 00:00:00-04:00,24.020000457763672,22.949127267972415,2020-03-11 00:00:00-04:00,21.75,21.71738256238895,STOP_LOSS,130,-295.10005950927734,-0.09450459677364283,1
CCL,2020-03-11 00:00:00-04:00,21.75,21.71738256238895,2020-03-12 00:00:00-04:00,14.970000267028809,15.79982706949778,STOP_LOSS,139,-942.4199628829956,-0.3117241256538479,1
CCL,2020-03-12 00:00:00-04:00,14.970000267028809,15.79982706949778,2020-03-13 00:00:00-04:00,17.579999923706055,18.85485995190301,PROFIT_TARGET_17.4%,181,472.40993785858154,0.17434867135077675,1
CCL,2020-03-13 00:00:00-04:00,17.579999923706055,18.85485995190301,2020-03-16 00:00:00-04:00,14.56999969482422,17.926221395398684,STOP_LOSS,163,-490.630037307739,-0.17121730614019784,3
CCL,2020-03-16 00:00:00-04:00,14.56999969482422,17.926221395398684,2020-03-17 00:00:00-04:00,12.710000038146973,17.422890202858696,STOP_LOSS,186,-345.9599361419681,-0.12765955357830142,1
CCL,2020-03-18 00:00:00-04:00,9.300000190734863,15.648923065414422,2020-03-19 00:00:00-04:00,10.0,16.1443270767312,PROFIT_TARGET_7.5%,279,195.29994678497314,0.07526879515147886,1
CCL,2020-03-19 00:00:00-04:00,10.0,16.1443270767312,2020-03-20 00:00:00-04:00,12.0,19.597286271606166,PROFIT_TARGET_20.0%,266,532.0,0.2,1
CCL,2020-03-20 00:00:00-04:00,12.0,19.597286271606166,2020-03-24 00:00:00-04:00,13.68000030517578,24.4373665108904,PROFIT_TARGET_14.0%,236,396.480072021484,0.14000002543131496,4
CCL,2020-03-24 00:00:00-04:00,13.68000030517578,24.4373665108904,2020-03-25 00:00:00-04:00,15.550000190734863,28.437830473259453,PROFIT_TARGET_13.7%,217,405.7899751663212,0.1366958950177491,1
CCL,2021-07-19 00:00:00-04:00,19.71999931335449,17.633931612481348,2021-07-20 00:00:00-04:00,21.190000534057617,26.17587621973746,PROFIT_TARGET_7.5%,157,230.7901916503912,0.07454367504504099,1
CCL,2021-12-01 00:00:00-05:00,16.3799991607666,20.836971623415963,2021-12-02 00:00:00-05:00,17.889999389648438,30.421220423086112,PROFIT_TARGET_9.2%,194,292.9400444030762,0.09218561088199508,1
CCL,2022-05-24 00:00:00-04:00,11.760000228881836,21.565491849281642,2022-05-25 00:00:00-04:00,12.18000030517578,26.98961583746481,PROFIT_TARGET_3.6%,279,117.18002128601024,0.035714291506767935,1
CCL,2023-03-15 00:00:00-04:00,8.729999542236328,23.688951670077557,2023-03-16 00:00:00-04:00,9.029999732971191,24.508038675173665,PROFIT_TARGET_3.4%,380,114.00007247924805,0.0343642848185091,1
CCL,2023-03-16 00:00:00-04:00,9.029999732971191,24.508038675173665,2023-03-17 00:00:00-04:00,8.550000190734863,18.402773868521408,STOP_LOSS,371,-178.07983016967773,-0.05315609705764534,1
CCL,2023-03-17 00:00:00-04:00,8.550000190734863,18.402773868521408,2023-03-21 00:00:00-04:00,9.119999885559082,30.018409607981795,PROFIT_TARGET_6.7%,385,219.44988250732422,0.06666662948638226,4
RCL,2020-02-24 00:00:00-05:00,94.3292236328125,23.02030759915816,2020-02-25 00:00:00-05:00,87.43590545654297,21.612922469098322,STOP_LOSS,35,-241.2661361694336,-0.07307722793418268,1
RCL,2020-02-25 00:00:00-05:00,87.43590545654297,21.612922469098322,2020-02-26 00:00:00-05:00,80.3961181640625,22.436630916793405,STOP_LOSS,37,-260.47212982177734,-0.08051368892130195,1
RCL,2020-02-26 00:00:00-05:00,80.3961181640625,22.436630916793405,2020-02-27 00:00:00-05:00,75.18218994140625,16.349010377552446,STOP_LOSS,39,-203.34320068359375,-0.06485298471769878,1
RCL,2020-02-27 00:00:00-05:00,75.18218994140625,16.349010377552446,2020-02-28 00:00:00-05:00,78.51167297363281,19.106854360171397,PROFIT_TARGET_4.4%,41,136.50880432128906,0.0442855287245745,1
RCL,2020-02-28 00:00:00-05:00,78.51167297363281,19.106854360171397,2020-03-03 00:00:00-05:00,76.34408569335938,19.941264987840142,STOP_LOSS,40,-86.7034912109375,-0.027608471430756485,4
RCL,2020-03-04 00:00:00-05:00,77.4864730834961,21.569851886413318,2020-03-05 00:00:00-05:00,64.86459350585938,16.343155656766,STOP_LOSS,40,-504.87518310546875,-0.16289139349568696,1
RCL,2020-03-05 00:00:00-05:00,64.86459350585938,16.343155656766,2020-03-09 00:00:00-04:00,47.5982666015625,13.262538685401736,STOP_LOSS,46,-794.2510375976562,-0.2661903200354931,3
RCL,2020-03-09 00:00:00-04:00,47.5982666015625,13.262538685401736,2020-03-10 00:00:00-04:00,50.95094680786133,17.292511017956983,PROFIT_TARGET_7.0%,57,191.1027717590332,0.07043702314547669,1
RCL,2020-03-10 00:00:00-04:00,50.95094680786133,17.292511017956983,2020-03-11 00:00:00-04:00,43.75253677368164,16.300611943686036,STOP_LOSS,54,-388.7141418457031,-0.1412811828860662,1
RCL,2020-03-11 00:00:00-04:00,43.75253677368164,16.300611943686036,2020-03-12 00:00:00-04:00,29.84875869750977,11.509972488467483,STOP_LOSS,60,-834.2266845703123,-0.31778221564824505,1
RCL,2020-03-12 00:00:00-04:00,29.84875869750977,11.509972488467483,2020-03-13 00:00:00-04:00,31.88009262084961,9.750107604050555,PROFIT_TARGET_6.8%,79,160.47537994384737,0.06805421772897079,1
RCL,2020-03-13 00:00:00-04:00,31.88009262084961,9.750107604050555,2020-03-16 00:00:00-04:00,29.523351669311523,9.862399283723477,STOP_LOSS,76,-179.11231231689453,-0.07392516011690553,3
RCL,2020-03-16 00:00:00-04:00,29.523351669311523,9.862399283723477,2020-03-17 00:00:00-04:00,27.27507781982422,9.690493175145818,STOP_LOSS,80,-179.86190795898438,-0.07615239200040778,1
RCL,2020-03-18 00:00:00-04:00,22.019250869750977,9.368538887490757,2020-03-20 00:00:00-04:00,23.478654861450195,10.74679930724838,PROFIT_TARGET_6.6%,105,153.23741912841797,0.06627854872683613,2
RCL,2022-05-24 00:00:00-04:00,49.03794860839844,18.096563714018785,2022-05-26 00:00:00-04:00,54.757232666015625,27.00174065368917,PROFIT_TARGET_11.7%,48,274.525634765625,0.11662975756366938,2
RCL,2022-06-16 00:00:00-04:00,34.67070388793945,22.012446167674497,2022-06-17 00:00:00-04:00,36.78092575073242,27.337394402593432,PROFIT_TARGET_6.1%,70,147.7155303955078,0.06086469630421984,1
RCL,2022-06-29 00:00:00-04:00,35.51873779296875,24.534796142130617,2022-06-30 00:00:00-04:00,34.42418670654297,23.989210857337298,STOP_LOSS,70,-76.61857604980469,-0.03081615942564427,1
F,2022-12-19 00:00:00-05:00,9.205098152160645,24.54131033396554,2022-12-22 00:00:00-05:00,8.90587329864502,23.046901703867135,STOP_LOSS,269,-80.49148559570312,-0.032506427261222645,3
F,2023-08-10 00:00:00-04:00,10.41814136505127,16.744847839413296,2023-08-15 00:00:00-04:00,10.263925552368164,22.313653418760552,MAX_HOLD_5d,235,-36.240715980529785,-0.0148026223948581,5
F,2023-10-27 00:00:00-04:00,8.533279418945312,19.626204440366408,2023-11-01 00:00:00-04:00,8.622830390930176,26.541540368530093,MAX_HOLD_5d,286,25.6115779876709,0.010494320833564302,5
GEVO,2020-03-12 00:00:00-04:00,0.8999999761581421,16.279064287295,2020-03-13 00:00:00-04:00,0.8199999928474426,16.184965163491256,STOP_LOSS,2727,-218.15995448827744,-0.0888888726999726,1
GEVO,2023-04-17 00:00:00-04:00,1.159999966621399,18.269225478877473,2023-04-18 00:00:00-04:00,1.2200000286102295,24.038462420187074,PROFIT_TARGET_5.2%,2054,123.24012732505798,0.05172419285802739,1
GEVO,2023-04-21 00:00:00-04:00,1.159999966621399,23.749993667006095,2023-04-24 00:00:00-04:00,1.2100000381469729,28.9156664575477,PROFIT_TARGET_4.3%,2089,104.45014941692399,0.043103511176128324,3
GEVO,2024-01-17 00:00:00-05:00,0.8799999952316284,17.567566696791175,2024-01-18 00:00:00-05:00,0.8500000238418579,19.40298560574425,STOP_LOSS,2793,-83.78992009162903,-0.03409087676400963,1
GEVO,2024-01-18 00:00:00-05:00,0.8500000238418579,19.40298560574425,2024-01-22 00:00:00-05:00,0.9200000166893004,28.571427355007216,PROFIT_TARGET_8.2%,2859,200.12997955083816,0.08235293045175959,4
PLUG,2022-01-19 00:00:00-05:00,20.989999771118164,24.29578398882188,2022-01-24 00:00:00-05:00,20.700000762939453,21.636636523431733,MAX_HOLD_5d,118,-34.21988296508789,-0.013816055804714395,5
PLUG,2022-01-24 00:00:00-05:00,20.700000762939453,21.636636523431733,2022-01-25 00:00:00-05:00,19.729999542236328,17.48488712466009,STOP_LOSS,120,-116.400146484375,-0.046859960625691414,1
PLUG,2022-01-26 00:00:00-05:00,19.46999931335449,16.075031197206187,2022-01-27 00:00:00-05:00,18.26000022888184,16.139894917578715,STOP_LOSS,125,-151.24988555908115,-0.0621468478246278,1
PLUG,2022-10-14 00:00:00-04:00,18.030000686645508,19.12328196171235,2022-10-17 00:00:00-04:00,18.6200008392334,22.934227761075505,PROFIT_TARGET_3.3%,132,77.88002014160156,0.03272324626281867,3
PLUG,2023-11-10 00:00:00-05:00,3.5299999713897705,24.739584360051794,2023-11-14 00:00:00-05:00,4.230000019073486,30.145277730504574,PROFIT_TARGET_19.8%,686,480.20003271102905,0.19830029840145408,4
PLUG,2024-01-17 00:00:00-05:00,2.740000009536743,22.070851360080255,2024-01-18 00:00:00-05:00,2.4200000762939453,20.716119019505925,STOP_LOSS,941,-301.1199371814728,-0.11678829639745178,1
PLUG,2024-01-18 00:00:00-05:00,2.4200000762939453,20.716119019505925,2024-01-19 00:00:00-05:00,2.680000066757202,27.50643316359036,PROFIT_TARGET_10.7%,1025,266.49999022483826,0.10743800920098646,1
PLUG,2024-05-01 00:00:00-04:00,2.299999952316284,23.74999366700611,2024-05-02 00:00:00-04:00,2.450000047683716,26.50602617290086,PROFIT_TARGET_6.5%,1117,167.55010652542114,0.06521743412053967,1
FCEL,2021-12-27 00:00:00-05:00,189.0,21.815009500571577,2021-12-28 00:00:00-05:00,176.10000610351562,22.44165088585899,STOP_LOSS,13,-167.69992065429688,-0.06825393596023478,1
FCEL,2021-12-29 00:00:00-05:00,153.3000030517578,19.809825354174393,2021-12-30 00:00:00-05:00,159.89999389648438,23.37042666877558,PROFIT_TARGET_4.3%,16,105.599853515625,0.04305277699504184,1
FCEL,2022-01-21 00:00:00-05:00,117.0,24.12370215044122,2022-01-26 00:00:00-05:00,115.8000030517578,24.042543037379062,MAX_HOLD_5d,22,-26.399932861328438,-0.010256384173010271,5
FCEL,2022-05-11 00:00:00-04:00,90.9000015258789,23.605150987523658,2022-05-12 00:00:00-04:00,94.8000030517578,26.11465019739775,PROFIT_TARGET_4.3%,28,109.20004272460898,0.042904306495182794,1
FCEL,2022-10-13 00:00:00-04:00,90.5999984741211,23.076927036952725,2022-10-14 00:00:00-04:00,87.0,22.891570694959086,STOP_LOSS,29,-104.39995574951172,-0.039735083165033325,1
FCEL,2023-08-28 00:00:00-04:00,39.900001525878906,11.320760828101129,2023-08-29 00:00:00-04:00,44.09999847412109,18.965522155277455,PROFIT_TARGET_10.5%,65,272.99980163574173,0.10526307738404689,1
FCEL,2024-04-22 00:00:00-04:00,24.299999237060547,24.675317169031587,2024-04-23 00:00:00-04:00,27.600000381469727,36.585363206138744,PROFIT_TARGET_13.6%,110,363.00012588500977,0.13580252049457944,1
SBUX,2020-03-12 00:00:00-04:00,54.61901473999024,24.82659610515512,2020-03-13 00:00:00-04:00,61.496952056884766,33.70606812051649,PROFIT_TARGET_12.6%,51,350.77480316162075,0.12592569363684852,1
SBUX,2022-05-03 00:00:00-04:00,67.85470581054688,19.487929973248384,2022-05-04 00:00:00-04:00,74.52787780761719,39.93130336265969,PROFIT_TARGET_9.8%,43,286.94639587402344,0.09834501406139881,1
SBUX,2024-05-01 00:00:00-04:00,71.0966567993164,20.42207411228111,2024-05-06 00:00:00-04:00,69.6258316040039,22.310574156852994,STOP_LOSS,42,-61.774658203125,-0.020687684365583867,5
SBUX,2024-05-07 00:00:00-04:00,69.24378967285156,20.910996271672786,2024-05-09 00:00:00-04:00,72.28096008300781,31.11442701879139,PROFIT_TARGET_4.4%,43,130.59832763671875,0.043861989999473334,2
SIRI,2023-03-08 00:00:00-05:00,34.98440933227539,15.973042807359107,2023-03-10 00:00:00-05:00,33.26238250732422,11.111132989939634,STOP_LOSS,86,-148.09430694580078,-0.049222692559868095,2
SIRI,2024-03-12 00:00:00-04:00,38.09085464477539,20.74068382729125,2024-03-18 00:00:00-04:00,37.34942626953125,13.333343786799475,MAX_HOLD_6d,78,-57.83141326904297,-0.019464734571027438,6
SIRI,2024-04-10 00:00:00-04:00,30.954612731933597,13.913127822175369,2024-04-12 00:00:00-04:00,29.749792098999023,10.924407388479707,STOP_LOSS,96,-115.66278076171909,-0.038922167864553804,2
SIRI,2024-04-25 00:00:00-04:00,27.988901138305664,16.666702056017854,2024-04-29 00:00:00-04:00,29.379079818725582,23.703712850495506,PROFIT_TARGET_5.0%,104,144.5785827636715,0.04966892674887179,4
SIRI,2024-04-30 00:00:00-04:00,27.247472763061523,20.91503399847973,2024-05-01 00:00:00-04:00,28.266939163208008,28.66667992950572,PROFIT_TARGET_3.7%,109,111.1218376159668,0.037415080987934425,1
SIRI,2024-06-13 00:00:00-04:00,23.748519897460938,22.123875592566577,2024-06-17 00:00:00-04:00,24.777000427246094,31.81817254550981,PROFIT_TARGET_4.3%,127,130.61702728271484,0.043307142265110836,4
CAKE,2020-03-11 00:00:00-04:00,22.70623016357422,19.911437758510957,2020-03-12 00:00:00-04:00,19.3466796875,17.425472249400187,STOP_LOSS,134,-450.1797637939453,-0.14795721050444013,1
CAKE,2020-03-12 00:00:00-04:00,19.3466796875,17.425472249400187,2020-03-13 00:00:00-04:00,21.175067901611328,22.862838217923027,PROFIT_TARGET_9.5%,150,274.2582321166992,0.09450656358841047,1
CAKE,2020-03-16 00:00:00-04:00,15.23055648803711,18.806835871253938,2020-03-17 00:00:00-04:00,16.85178565979004,21.92161223079397,PROFIT_TARGET_10.6%,197,319.38214683532715,0.10644582639027861,1
CAKE,2020-03-17 00:00:00-04:00,16.85178565979004,21.92161223079397,2020-03-18 00:00:00-04:00,18.779253005981445,26.219231989247646,PROFIT_TARGET_11.4%,184,354.65399169921875,0.11437763244227146,1
CAKE,2020-03-19 00:00:00-04:00,18.473020553588867,24.65467890565364,2020-03-20 00:00:00-04:00,14.266827583312988,19.554078442416525,STOP_LOSS,174,-731.8775768280029,-0.22769383913551247,1
CAKE,2020-03-20 00:00:00-04:00,14.266827583312988,19.554078442416525,2020-03-24 00:00:00-04:00,17.311138153076172,25.90192104112998,PROFIT_TARGET_21.3%,209,636.2609090805054,0.21338384808995114,4
